id,region,age,education_years,income,gender,employment_status,marital_status,household_size,weekly_work_hours,support_1,support_2,support_3,support_4,support_5,stress_1,stress_2,stress_3,stress_4,stress_5,life_satisfaction_1,life_satisfaction_2,life_satisfaction_3,life_satisfaction_4,life_satisfaction_5
1,A,49,16,689,male,regular,married,3,32,3,4,5,4,5,5,5,5,4,2,2,3,3,3,2
2,A,20,12,145,male,nonregular,never_married,1,25,3,2,1,2,5,3,5,5,5,1,1,2,1,1,5
3,A,53,12,774,female,regular,married,3,41,3,3,2,3,4,2,4,2,2,2,4,4,3,3,2
4,B,77,16,345,female,nonregular,never_married,1,30,4,4,5,4,2,4,2,3,4,3,3,2,2,4,3
5,A,58,14,116,male,nonregular,married,4,23,4,4,4,3,2,2,2,1,1,5,4,4,5,4,2
6,B,44,9,0,female,not_employed,never_married,2,0,1,1,3,2,3,4,4,3,2,2,2,4,4,3,2
7,B,70,12,131,male,not_employed,divorced,1,0,1,2,2,4,2,1,2,2,2,5,4,4,4,5,3
8,A,30,12,927,female,self_employed,married,3,21,3,3,3,3,4,5,4,3,4,3,3,3,2,3,3
9,B,73,16,134,female,self_employed,married,3,28,2,3,2,4,4,3,2,5,3,3,3,3,3,1,2
10,B,57,16,189,male,nonregular,married,2,16,5,3,3,5,3,3,4,4,4,1,3,4,5,4,3
11,A,42,16,538,female,regular,married,5,45,3,3,3,2,4,3,5,3,3,3,3,2,3,4,4
12,B,42,14,361,female,self_employed,never_married,1,70,3,4,4,3,3,2,4,1,3,4,3,3,3,5,3
13,A,25,9,444,male,regular,never_married,1,39,3,2,4,2,1,4,4,2,3,3,3,3,1,3,4
14,A,61,12,285,female,regular,widowed,2,33,3,3,4,5,2,4,4,3,3,2,4,2,3,4,4
15,A,37,14,86,female,not_employed,married,2,0,2,3,3,2,3,3,3,2,3,2,3,4,4,3,4
16,B,48,16,217,female,nonregular,married,4,26,4,2,3,3,5,3,3,5,5,1,4,1,1,3,2
17,A,33,12,326,female,regular,divorced,1,42,2,4,2,3,3,4,3,4,4,1,2,1,1,1,4
18,B,44,16,156,female,nonregular,divorced,3,25,3,5,4,4,1,1,3,2,2,4,5,5,4,5,1
19,B,60,12,410,male,self_employed,married,3,20,1,1,1,1,3,4,5,3,3,4,2,1,2,3,4
20,A,68,16,177,male,self_employed,divorced,1,55,4,4,2,4,1,1,1,1,1,5,2,4,3,5,1
21,B,29,14,602,male,regular,never_married,1,42,2,5,2,3,2,3,4,3,5,3,2,2,2,2,5
22,A,76,16,147,male,not_employed,divorced,1,0,4,5,5,5,2,2,2,2,2,3,3,4,5,4,1
23,A,65,14,464,female,regular,married,4,39,3,2,4,4,4,3,4,3,4,5,5,5,4,5,3
24,B,68,14,0,female,not_employed,never_married,1,0,2,2,2,2,4,3,2,2,3,4,2,3,3,2,3
25,A,65,16,564,male,regular,never_married,3,38,3,3,3,3,3,4,2,4,5,3,3,3,4,3,1
26,B,54,14,456,female,nonregular,never_married,1,30,3,2,4,3,3,3,2,2,4,3,4,3,3,2,2
27,A,75,16,0,male,not_employed,widowed,1,0,5,5,5,5,1,1,2,2,2,4,5,5,5,5,1
28,B,49,12,305,female,self_employed,married,6,15,2,3,3,2,2,4,2,3,3,4,2,1,3,3,4
29,B,41,9,231,female,nonregular,widowed,1,13,3,3,3,2,3,3,4,3,2,2,2,1,1,2,2
30,B,25,9,127,female,nonregular,never_married,2,15,3,2,2,3,3,2,3,3,3,5,3,4,3,3,3
31,B,75,9,252,female,not_employed,married,2,0,3,2,4,4,2,4,4,3,3,4,4,2,3,3,3
32,A,61,16,297,female,regular,married,4,32,3,4,4,3,4,2,1,2,2,4,5,4,4,4,3
33,A,33,14,467,female,regular,married,2,48,3,2,2,2,4,2,3,2,3,3,3,2,2,2,4
34,B,76,12,253,female,not_employed,married,2,0,4,1,3,2,3,5,3,4,4,3,3,2,2,2,3
35,B,23,16,467,female,regular,married,4,32,4,3,2,4,5,3,3,3,3,4,2,2,4,3,1
36,A,59,12,484,male,regular,married,2,39,4,4,4,5,2,3,2,2,3,2,3,4,5,4,4
37,B,65,14,345,female,regular,widowed,1,37,5,3,5,4,2,2,3,1,2,3,5,5,4,5,2
38,A,36,9,80,male,nonregular,married,2,32,2,1,1,1,5,2,2,3,2,3,1,1,2,1,5
39,A,75,16,400,male,regular,divorced,3,44,3,5,3,4,3,3,2,2,1,4,4,3,5,4,1
40,B,77,18,120,male,nonregular,married,4,14,2,4,2,4,1,3,2,2,3,2,4,3,5,4,5
41,A,48,16,0,male,not_employed,married,2,0,4,2,4,4,2,3,3,5,3,2,5,4,4,5,2
42,A,24,14,415,female,regular,never_married,3,38,2,2,1,1,5,3,2,3,4,2,3,2,2,3,3
43,A,28,16,378,male,regular,never_married,3,39,4,3,3,3,4,2,3,2,3,4,3,5,3,1,2
44,B,48,16,0,male,not_employed,never_married,1,0,1,1,2,2,4,3,3,4,4,3,2,1,4,3,3
45,B,74,9,126,male,nonregular,married,4,19,3,3,1,2,5,5,5,5,5,2,2,2,3,2,3
46,B,59,9,80,male,not_employed,married,3,0,1,3,3,3,2,3,4,3,4,3,1,4,2,2,3
47,B,40,14,0,male,not_employed,married,5,0,2,3,4,1,3,3,2,4,2,3,2,2,4,2,4
48,A,75,9,212,female,not_employed,married,2,0,3,3,3,2,4,3,3,2,4,4,4,4,4,4,2
49,B,38,18,154,female,nonregular,married,2,18,5,4,4,3,1,3,2,2,3,4,3,4,3,3,2
50,A,43,12,205,male,nonregular,married,3,28,3,1,2,2,4,3,4,4,4,3,3,3,3,2,3
51,B,54,14,1024,female,self_employed,married,5,45,3,3,4,3,3,3,3,5,4,2,1,1,1,1,4
52,B,36,12,377,female,regular,married,2,32,3,3,2,3,3,1,2,1,1,5,5,4,5,5,2
53,A,53,9,435,female,regular,married,3,41,2,2,2,2,3,2,4,2,2,4,4,4,4,4,3
54,A,44,9,129,female,not_employed,married,5,0,3,2,1,2,5,2,4,3,2,4,1,4,4,3,3
55,A,57,9,0,male,not_employed,divorced,1,0,5,4,4,4,1,2,1,2,1,5,4,3,3,5,1
56,A,59,12,68,male,not_employed,married,2,0,5,5,4,5,2,2,4,3,3,1,2,2,4,2,4
57,A,53,16,69,male,not_employed,married,4,0,2,3,2,3,3,1,2,1,1,5,3,3,2,3,5
58,A,45,12,0,female,not_employed,married,2,0,4,3,3,3,2,1,1,2,1,5,5,4,4,5,2
59,B,55,16,113,male,not_employed,married,2,0,2,4,4,3,2,3,3,2,2,4,4,4,5,5,2
60,B,31,12,533,female,regular,married,2,43,4,4,4,3,2,4,2,1,4,2,3,3,3,3,3
61,A,21,12,289,female,regular,never_married,1,40,2,3,2,2,3,4,2,1,3,2,3,4,3,2,4
62,A,42,16,686,male,regular,married,3,39,1,1,5,2,5,2,3,3,3,5,3,4,4,3,1
63,A,44,12,307,female,regular,never_married,4,37,4,5,5,5,2,4,2,4,4,2,3,3,2,2,2
64,A,26,9,208,male,nonregular,never_married,1,9,2,5,3,3,1,3,5,4,4,4,2,5,3,4,4
65,A,27,14,96,male,nonregular,married,3,20,2,1,2,4,3,2,3,2,3,4,3,3,3,3,3
66,A,70,14,292,female,regular,widowed,1,32,4,1,4,2,3,5,4,5,4,2,5,4,5,4,3
67,B,48,18,427,female,regular,married,4,37,3,5,5,3,2,2,4,4,1,5,3,3,5,5,3
68,A,72,9,186,male,self_employed,married,2,41,3,3,2,2,3,1,2,3,2,2,3,3,5,3,2
69,A,59,14,423,female,regular,married,3,37,2,2,2,1,3,5,5,5,5,1,2,3,1,2,5
70,A,79,9,221,female,not_employed,married,3,0,4,5,5,4,3,2,2,4,2,5,3,5,3,4,3
71,B,79,12,0,male,not_employed,widowed,1,0,3,3,2,4,4,1,2,3,3,3,3,4,3,5,2
72,A,79,16,366,female,self_employed,married,3,25,4,4,4,5,2,3,3,2,3,5,5,4,4,4,4
73,A,48,12,145,female,not_employed,married,2,0,2,2,2,1,3,5,5,5,4,1,1,3,2,1,4
74,B,26,16,799,male,regular,married,3,40,2,3,3,1,2,5,4,3,4,2,1,3,2,3,3
75,A,76,16,139,female,not_employed,widowed,1,0,2,4,5,4,1,4,4,5,5,3,4,4,5,4,3
76,B,20,12,430,female,regular,married,4,42,4,3,5,3,3,2,1,2,2,3,2,3,1,1,4
77,A,58,16,543,male,regular,never_married,1,39,1,1,2,2,3,3,2,4,4,3,4,4,5,5,2
78,A,59,16,529,male,regular,married,4,35,3,4,3,2,3,2,2,1,2,5,5,4,4,5,1
79,B,32,16,487,male,regular,never_married,1,35,3,4,3,2,2,4,3,4,3,2,3,3,4,3,4
80,A,28,12,273,male,regular,never_married,1,46,1,4,2,2,4,3,4,4,3,3,2,2,3,4,4
81,B,51,16,506,female,regular,divorced,5,45,4,2,2,4,3,2,2,2,2,4,5,5,5,5,3
82,A,50,12,234,female,nonregular,married,6,25,2,3,4,1,2,4,5,5,5,1,1,2,1,2,3
83,B,35,12,337,male,regular,never_married,1,46,4,4,4,4,1,1,1,2,2,5,5,4,5,5,2
84,A,31,12,458,male,regular,never_married,2,34,3,4,4,3,4,4,3,3,3,3,5,3,5,4,2
85,A,46,12,635,female,regular,married,2,30,2,2,1,1,5,4,4,5,4,4,3,4,1,3,3
86,A,52,14,234,female,self_employed,divorced,6,48,2,2,2,2,3,3,2,3,3,2,3,4,5,5,3
87,B,38,12,107,male,self_employed,married,4,52,5,5,5,5,3,3,3,3,2,3,4,3,3,3,4
88,B,36,16,575,female,regular,never_married,1,34,1,2,1,1,5,4,3,2,3,3,3,4,4,3,2
89,A,36,12,188,male,nonregular,married,3,18,2,3,3,1,4,4,4,4,4,3,3,3,4,3,4
90,B,58,12,161,female,nonregular,married,3,9,3,2,2,4,3,3,3,3,3,4,3,3,3,2,3
91,B,78,12,59,male,nonregular,married,3,12,5,3,4,4,5,5,5,4,4,2,2,2,2,2,3
92,B,44,16,215,female,not_employed,married,4,0,3,3,1,3,3,1,3,2,1,5,4,4,2,4,3
93,A,32,18,418,male,regular,never_married,2,36,2,3,3,3,4,4,4,2,4,1,4,4,5,3,2
94,B,54,12,498,male,regular,married,2,37,4,4,3,3,3,3,2,3,3,3,4,4,4,4,2
95,B,37,12,254,female,not_employed,married,5,0,3,4,4,3,2,5,5,5,5,2,1,2,1,1,5
96,B,56,12,0,male,not_employed,married,2,0,3,3,2,4,3,3,3,4,3,3,5,2,5,4,2
97,B,57,12,519,female,regular,married,2,47,1,3,2,4,4,3,4,5,3,3,3,2,4,3,4
98,B,58,16,366,female,self_employed,married,5,44,5,2,2,5,4,1,2,4,4,3,4,3,5,4,3
99,B,20,12,291,male,regular,married,3,45,2,1,1,2,4,2,3,1,4,4,1,5,2,4,3
100,B,75,14,227,male,not_employed,married,2,0,2,1,2,2,3,4,5,3,4,3,2,4,2,3,3
101,B,43,16,182,female,nonregular,married,3,18,2,4,2,2,4,5,4,2,3,1,2,3,1,2,4
102,B,60,12,168,male,not_employed,married,2,0,3,4,2,3,2,5,5,2,4,4,1,3,2,2,2
103,A,45,12,487,female,regular,married,2,39,3,3,3,3,1,2,3,2,2,5,3,4,5,3,2
104,B,56,9,114,female,nonregular,married,3,14,1,3,1,2,3,1,1,2,1,5,3,3,5,4,4
105,B,40,16,493,male,regular,married,6,43,3,3,3,4,3,2,2,4,3,4,3,3,3,1,5
106,B,33,14,507,male,regular,never_married,1,34,3,3,1,2,3,2,3,3,2,3,3,5,4,4,1
107,B,72,12,0,female,not_employed,widowed,2,0,3,4,2,2,3,5,5,5,4,3,2,2,2,3,2
108,B,75,12,0,female,not_employed,married,4,0,2,3,2,4,1,1,1,1,1,5,5,5,5,5,1
109,A,40,16,787,female,regular,married,3,39,2,3,3,1,4,2,3,3,4,3,3,1,3,1,5
110,B,56,16,1077,male,regular,married,2,37,5,3,2,3,4,3,3,3,3,4,4,3,2,4,1
111,A,33,12,363,male,regular,never_married,1,49,2,2,3,3,3,4,5,3,3,3,3,3,4,3,3
112,A,78,9,187,female,not_employed,married,2,0,4,4,5,4,3,2,3,2,2,2,5,5,5,4,2
113,B,59,12,135,female,nonregular,married,4,21,4,4,4,5,1,3,1,1,1,4,3,2,5,3,3
114,A,42,14,421,female,regular,never_married,1,32,3,2,4,4,2,4,4,4,4,2,2,3,3,3,2
115,B,21,14,255,female,regular,never_married,2,38,4,4,4,3,3,3,3,3,3,3,4,3,2,4,2
116,A,42,12,683,male,regular,married,3,47,3,2,3,2,4,2,2,5,2,4,2,2,3,1,3
117,B,66,16,236,female,self_employed,widowed,1,40,2,3,3,4,4,4,3,3,2,5,3,4,2,4,3
118,A,27,16,82,male,nonregular,never_married,1,8,2,3,3,5,2,3,2,3,4,3,2,2,2,2,4
119,B,33,9,188,female,nonregular,never_married,3,18,4,4,5,4,2,4,4,2,4,4,5,4,5,5,3
120,A,20,12,108,female,nonregular,never_married,1,25,2,5,4,5,2,3,3,4,2,3,2,1,1,1,5
121,A,53,14,121,male,not_employed,married,2,0,1,2,1,1,4,4,3,3,4,3,1,1,3,2,5
122,A,67,12,743,female,regular,married,2,36,2,2,2,3,4,5,4,3,4,3,4,4,2,4,3
123,A,76,9,509,male,self_employed,married,2,46,3,2,2,3,3,5,5,3,4,1,4,4,3,4,2
124,B,29,12,550,female,self_employed,never_married,2,32,1,1,1,1,3,5,5,5,5,3,1,1,2,1,4
125,A,30,12,567,female,regular,never_married,1,47,2,3,1,2,3,4,3,4,3,2,5,5,3,3,2
126,A,79,12,0,female,not_employed,married,4,0,5,5,3,5,1,1,1,1,1,5,4,3,3,3,3
127,B,58,12,464,male,self_employed,married,3,61,4,2,3,3,2,4,5,5,5,1,2,1,1,1,3
128,A,48,9,81,female,nonregular,married,3,22,2,4,2,4,4,2,1,2,3,1,3,3,2,3,3
129,B,64,16,470,female,self_employed,widowed,1,29,5,5,5,5,1,2,3,3,1,4,5,3,4,4,3
130,A,36,14,788,male,self_employed,never_married,1,38,4,5,5,5,1,3,3,2,2,2,4,4,3,3,3
131,B,72,16,702,other,regular,married,3,38,4,5,5,4,1,2,2,2,2,4,5,4,4,4,2
132,A,73,16,39,female,not_employed,divorced,2,0,3,3,3,2,4,1,1,2,2,5,3,5,4,4,1
133,B,37,16,467,female,regular,married,2,41,5,3,5,2,4,2,2,4,4,4,3,3,5,4,2
134,A,23,16,297,male,regular,never_married,4,44,4,3,3,3,3,1,2,2,2,4,2,2,3,2,4
135,B,39,9,78,other,not_employed,never_married,1,0,3,2,3,5,4,4,3,4,5,3,3,4,5,3,5
136,B,59,12,179,female,not_employed,married,3,0,3,3,2,3,2,1,1,2,3,4,4,3,3,2,4
137,B,27,12,156,female,nonregular,married,2,8,3,2,1,3,4,3,2,3,4,3,3,4,3,3,2
138,B,57,9,156,female,nonregular,widowed,1,8,1,3,1,2,4,5,4,4,4,3,5,5,4,4,2
139,A,60,14,181,female,nonregular,married,3,21,3,4,3,4,5,1,1,1,2,4,3,5,5,5,2
140,A,42,16,240,female,nonregular,divorced,2,23,3,2,2,2,5,4,5,4,5,1,2,2,2,3,4
141,A,37,9,178,female,nonregular,married,3,20,3,4,4,4,5,4,2,3,3,2,2,2,3,2,3
142,B,33,9,226,female,regular,married,3,34,3,3,1,3,3,4,4,2,3,2,3,3,4,3,3
143,B,65,12,0,female,not_employed,married,2,0,2,3,1,1,3,2,3,1,2,3,4,4,4,3,2
144,B,63,12,0,female,not_employed,married,2,0,3,3,4,3,4,1,1,1,1,4,5,5,2,5,1
145,A,40,12,378,male,regular,married,4,43,4,3,4,3,3,5,2,4,3,2,4,3,2,3,4
146,A,37,9,199,female,nonregular,never_married,2,26,3,4,3,4,2,2,2,1,1,5,3,4,3,3,2
147,B,63,16,455,male,regular,married,4,44,3,2,4,2,3,2,5,4,2,2,3,4,2,3,3
148,A,20,12,371,female,regular,never_married,2,50,2,3,2,3,5,4,5,3,4,4,2,1,1,1,4
149,A,46,12,300,female,self_employed,married,3,47,2,2,1,2,4,5,2,5,2,1,3,1,2,3,3
150,B,29,14,165,female,nonregular,never_married,2,26,3,4,3,4,3,4,4,4,3,3,1,3,2,3,5
151,A,47,14,606,male,regular,never_married,1,45,3,3,4,2,4,3,2,3,3,4,2,3,5,3,2
152,A,32,12,442,male,self_employed,married,2,53,4,4,4,3,2,3,2,3,2,2,4,3,3,4,1
153,A,24,12,276,female,regular,never_married,2,44,4,3,3,4,3,2,4,3,4,2,4,3,2,2,4
154,B,53,16,108,female,not_employed,divorced,1,0,1,2,2,1,5,3,4,3,3,3,5,3,4,3,1
155,B,56,12,235,male,nonregular,married,3,25,3,4,4,2,2,4,2,5,4,3,2,3,2,3,4
156,B,28,12,348,male,regular,never_married,1,37,3,2,3,2,3,3,5,4,4,3,1,2,2,1,5
157,B,26,12,312,male,nonregular,never_married,1,20,2,2,3,1,5,2,2,3,1,5,1,2,4,4,4
158,B,72,14,168,female,not_employed,never_married,2,0,4,3,4,5,1,4,3,4,3,3,2,5,4,4,1
159,A,40,18,1175,female,self_employed,married,2,58,4,3,4,4,3,5,3,4,3,2,5,4,4,4,4
160,B,71,16,571,male,regular,married,2,36,2,4,3,4,4,2,2,1,1,5,3,2,4,3,4
161,A,20,12,296,female,regular,never_married,2,34,3,3,4,3,3,2,1,3,1,4,4,4,3,3,1
162,A,68,12,321,male,regular,married,5,41,2,3,2,3,5,4,5,4,3,3,3,3,4,3,4
163,A,65,16,139,female,not_employed,divorced,1,0,4,4,5,4,2,1,3,3,2,5,3,4,5,4,3
164,B,57,16,88,male,not_employed,married,4,0,1,2,1,2,4,5,5,5,5,2,3,2,3,2,3
165,A,28,16,471,other,regular,never_married,1,35,2,1,3,1,4,3,2,4,2,2,2,1,1,1,4
166,A,28,12,374,female,self_employed,never_married,1,42,3,3,3,2,3,3,3,3,4,2,1,2,2,1,3
167,A,41,12,292,female,nonregular,never_married,1,22,1,2,1,2,4,4,4,4,4,3,3,2,4,3,2
168,B,66,9,149,female,not_employed,married,3,0,4,1,3,3,3,4,5,4,4,1,3,3,3,5,1
169,B,45,14,596,male,regular,never_married,1,42,5,5,4,5,1,2,4,3,2,3,4,4,3,5,3
170,A,47,9,511,male,regular,married,5,45,1,1,2,3,3,5,4,3,5,1,4,3,4,5,4
171,B,65,12,49,male,not_employed,married,3,0,5,3,5,4,2,2,1,3,1,4,4,3,3,3,3
172,A,43,12,65,female,not_employed,married,3,0,1,2,1,2,3,3,3,3,4,4,3,3,3,3,3
173,A,64,12,158,female,nonregular,widowed,1,31,2,2,1,2,4,3,4,2,3,4,5,5,5,4,1
174,A,55,12,151,female,nonregular,married,6,30,1,2,1,2,5,4,5,5,5,3,1,2,3,1,4
175,B,77,16,197,female,not_employed,widowed,1,0,1,2,3,2,4,5,3,4,5,4,2,3,2,3,2
176,B,77,14,151,female,not_employed,widowed,2,0,4,5,4,5,1,3,3,2,2,3,5,5,5,5,1
177,B,28,9,136,female,nonregular,never_married,4,15,2,4,5,2,3,3,3,5,4,3,3,2,3,3,3
178,A,64,12,424,female,regular,never_married,1,46,3,1,2,3,3,3,3,3,5,3,2,1,2,2,4
179,B,20,9,74,male,nonregular,married,2,17,2,1,3,2,4,3,2,4,3,1,2,2,1,2,4
180,B,24,16,371,male,regular,married,5,39,3,3,2,3,2,5,3,3,5,1,3,2,1,3,4
181,B,56,16,547,female,regular,married,5,34,5,5,5,5,2,3,4,4,3,2,4,4,3,3,2
182,B,75,9,131,male,not_employed,married,2,0,2,1,1,2,4,2,2,1,1,2,5,2,5,3,2
183,A,32,16,412,female,regular,married,3,42,5,3,5,3,3,3,4,5,4,4,2,1,3,3,4
184,B,27,12,257,male,regular,never_married,2,45,2,2,3,2,1,4,4,3,2,1,2,2,2,1,2
185,B,41,12,414,female,regular,married,6,42,3,4,3,1,2,4,4,3,5,3,1,1,1,1,5
186,B,43,16,603,male,regular,married,4,34,1,2,3,3,5,2,3,3,2,3,3,2,3,2,4
187,B,44,12,140,male,not_employed,married,5,0,1,1,1,1,4,4,3,3,3,3,2,3,2,2,2
188,A,42,16,664,female,regular,widowed,2,46,2,2,3,3,4,4,3,3,4,2,3,3,2,2,3
189,A,51,16,688,female,regular,widowed,1,37,3,1,2,2,4,3,3,4,3,1,3,2,5,3,3
190,B,30,12,355,female,regular,never_married,1,44,5,4,4,3,3,3,3,2,2,3,3,4,3,4,3
191,A,51,14,565,male,regular,married,3,43,3,3,2,3,1,3,4,3,2,3,4,3,2,2,1
192,B,38,12,472,female,self_employed,married,2,32,2,1,2,1,4,3,5,3,3,2,2,3,4,3,3
193,B,43,14,629,female,regular,married,2,39,2,3,3,3,3,2,2,3,2,5,5,4,3,4,5
194,B,30,12,477,male,regular,never_married,1,44,2,3,4,1,4,4,3,3,3,2,3,4,5,4,2
195,B,65,12,86,male,not_employed,married,3,0,3,3,4,3,2,2,3,3,2,5,5,3,3,4,2
196,A,49,14,88,female,not_employed,married,2,0,4,3,5,3,2,1,3,3,2,5,5,4,5,5,2
197,B,74,16,73,male,not_employed,married,2,0,5,4,3,3,1,1,1,1,2,4,4,3,4,3,3
198,B,52,16,208,female,self_employed,married,2,57,2,1,4,2,5,5,4,4,5,1,2,2,1,2,4
199,B,20,12,327,male,regular,never_married,1,32,4,4,3,2,3,3,4,1,3,4,3,4,2,4,3
200,B,48,12,408,female,regular,married,2,36,5,5,4,5,2,1,1,1,1,5,5,5,5,5,1
201,A,54,14,0,male,not_employed,married,3,0,3,4,4,2,4,2,2,2,2,3,3,2,1,2,3
202,A,53,12,599,female,regular,married,4,40,3,3,3,4,2,3,4,3,2,3,2,3,2,1,4
203,A,32,12,141,male,nonregular,never_married,1,16,3,3,2,3,3,4,3,2,3,2,4,4,4,4,3
204,A,69,12,163,male,self_employed,widowed,3,37,4,5,3,5,3,1,2,2,2,3,5,5,5,4,2
205,A,29,16,212,male,self_employed,married,3,29,4,3,1,2,2,3,1,1,2,5,3,3,4,4,3
206,B,26,12,292,male,regular,never_married,1,43,2,2,1,2,4,3,3,3,3,5,2,2,3,3,4
207,A,76,12,0,male,not_employed,married,2,0,4,3,2,4,1,4,2,4,3,3,4,4,2,5,4
208,B,77,12,0,male,not_employed,married,2,0,3,2,1,3,5,3,3,2,2,4,3,3,3,3,3
209,A,45,9,221,male,self_employed,married,3,25,2,1,1,1,5,5,5,5,5,2,4,3,3,3,4
210,A,36,12,53,male,not_employed,never_married,4,0,3,1,1,1,4,3,4,3,3,2,2,1,2,2,5
211,B,41,16,224,male,nonregular,married,4,14,3,3,4,4,2,4,4,5,4,3,1,2,3,2,4
212,B,74,12,132,male,not_employed,married,2,0,4,3,3,5,4,2,2,1,1,2,4,4,5,5,1
213,A,68,12,216,male,nonregular,married,3,27,4,3,3,5,3,1,2,2,2,4,4,4,5,4,3
214,B,22,12,332,male,regular,married,2,37,4,4,5,5,3,1,2,1,1,4,3,4,3,3,3
215,A,63,9,0,male,not_employed,married,4,0,5,3,4,4,2,4,4,5,5,1,3,4,3,3,1
216,B,44,16,406,male,nonregular,married,2,25,5,5,5,3,2,2,1,3,3,4,5,5,5,5,1
217,B,56,12,689,female,regular,married,4,44,1,1,1,2,3,4,3,3,4,2,1,2,2,2,4
218,B,52,9,158,female,self_employed,married,3,20,3,4,4,4,3,5,2,5,5,3,2,2,3,3,3
219,A,28,14,420,female,regular,never_married,2,37,3,2,4,2,2,2,2,3,3,3,2,3,4,2,4
220,A,53,12,89,male,not_employed,married,2,0,3,3,5,2,5,3,4,1,3,3,4,5,3,4,2
221,B,63,16,155,female,not_employed,widowed,1,0,4,4,4,4,2,2,3,4,2,2,5,4,5,5,2
222,A,41,9,128,female,nonregular,married,3,25,4,4,5,4,2,3,3,3,1,4,3,2,4,3,4
223,A,58,12,115,male,nonregular,married,2,23,2,4,3,5,2,1,2,3,3,4,3,2,3,5,2
224,A,25,16,269,female,regular,never_married,2,36,2,3,2,1,3,4,3,2,2,3,4,3,4,3,5
225,A,59,16,707,male,regular,married,2,40,2,2,3,4,3,1,1,1,1,5,3,4,4,3,2
226,A,43,12,217,female,regular,married,2,32,3,3,4,4,3,2,1,3,2,5,2,2,2,3,2
227,B,37,12,186,female,nonregular,married,4,8,2,1,2,1,5,2,3,2,3,2,2,2,3,2,3
228,B,52,12,252,female,self_employed,never_married,1,58,3,3,2,2,3,5,5,4,5,1,2,1,3,1,4
229,A,58,12,235,female,nonregular,married,2,17,3,2,2,2,4,4,3,2,4,2,4,3,2,3,3
230,B,35,12,1675,female,self_employed,married,2,22,3,2,3,2,4,3,4,5,4,1,4,3,3,3,3
231,A,41,14,248,female,nonregular,never_married,1,23,4,5,4,4,3,5,5,5,4,1,1,2,3,3,3
232,A,47,16,340,female,nonregular,married,2,20,2,3,4,3,4,4,5,3,3,3,3,2,3,2,4
233,B,37,12,444,female,regular,married,3,40,3,3,3,2,2,4,3,5,3,4,4,3,4,4,4
234,A,61,14,287,female,nonregular,divorced,2,6,3,4,3,3,2,1,3,2,1,3,2,3,4,3,1
235,A,35,16,488,male,regular,never_married,1,35,4,3,5,4,1,3,3,4,3,4,3,3,2,3,4
236,A,69,12,377,male,not_employed,widowed,6,0,2,2,3,3,5,4,4,4,3,2,4,2,4,3,3
237,B,53,12,81,female,not_employed,married,2,0,1,1,1,1,4,5,5,5,4,1,3,2,2,4,3
238,A,67,12,93,male,not_employed,married,3,0,2,4,3,3,1,3,2,4,2,3,3,5,4,4,3
239,B,42,14,0,male,not_employed,married,5,0,1,2,2,2,5,4,5,4,5,2,2,3,3,1,4
240,B,24,16,165,female,nonregular,never_married,1,26,2,4,1,2,3,5,5,3,5,1,3,2,3,1,4
241,B,70,14,386,female,regular,widowed,6,47,3,5,3,5,2,2,1,2,2,3,5,3,3,4,1
242,A,20,12,157,other,regular,never_married,1,50,4,4,4,5,2,3,5,2,3,4,3,3,4,1,4
243,A,32,16,822,female,regular,married,2,36,2,2,1,2,4,4,3,3,3,2,4,3,5,4,3
244,A,53,12,98,male,not_employed,married,2,0,3,2,2,2,5,1,3,1,1,4,2,1,4,3,2
245,A,36,9,567,male,self_employed,married,4,41,3,4,4,5,4,3,1,3,2,5,4,5,5,5,1
246,A,51,9,222,male,nonregular,never_married,2,25,4,4,3,3,4,4,3,1,2,4,2,3,3,2,5
247,A,35,12,394,male,regular,married,2,50,3,4,3,3,3,3,4,5,4,3,2,3,2,3,3
248,B,48,16,0,female,not_employed,married,3,0,3,5,5,4,3,4,2,2,4,3,3,2,2,3,3
249,B,60,14,407,female,regular,divorced,2,38,4,3,4,3,3,1,1,1,1,5,4,3,4,4,3
250,A,63,16,254,male,not_employed,married,2,0,4,4,4,4,4,1,1,2,2,5,2,2,4,2,3
251,A,54,9,0,male,not_employed,married,2,0,4,4,3,4,3,4,3,3,4,3,3,2,4,2,4
252,A,71,16,0,male,not_employed,married,2,0,5,3,3,4,1,3,4,3,3,3,4,5,3,3,2
253,B,39,12,328,male,self_employed,married,2,34,1,2,2,1,4,4,4,4,5,1,1,2,1,1,5
254,B,26,18,725,female,regular,never_married,1,40,2,2,2,1,3,4,4,4,3,4,2,3,3,2,3
255,A,38,14,650,male,regular,never_married,2,42,4,4,3,4,3,3,3,4,3,2,3,4,2,3,3
256,B,72,12,254,male,self_employed,married,2,60,4,4,2,3,4,2,3,5,3,1,4,3,5,2,3
257,B,25,14,149,male,nonregular,never_married,1,17,5,3,4,4,3,2,4,2,2,5,4,3,2,2,3
258,A,68,16,0,female,not_employed,widowed,1,0,2,2,5,2,4,2,4,2,1,4,2,2,3,2,4
259,B,54,12,427,male,self_employed,married,4,66,3,4,2,4,1,4,4,2,3,2,2,1,2,1,3
260,A,72,12,244,male,regular,married,4,42,2,2,2,2,5,2,3,5,4,3,2,1,1,1,3
261,A,77,16,101,male,not_employed,divorced,1,0,4,3,2,4,1,3,3,2,4,3,2,3,3,4,3
262,B,36,12,410,female,regular,married,3,41,4,3,3,3,3,2,1,1,3,3,2,3,3,2,1
263,A,70,14,125,male,nonregular,widowed,1,25,2,2,2,2,3,5,3,3,2,3,1,2,1,2,4
264,A,38,12,388,male,regular,married,3,35,3,2,2,1,5,1,1,1,1,5,3,5,4,5,2
265,A,64,12,123,female,nonregular,married,4,22,4,2,3,3,4,4,3,3,4,1,1,2,3,2,3
266,A,30,9,354,female,regular,married,4,45,2,2,4,4,2,3,3,4,3,3,4,4,2,5,2
267,B,55,14,639,male,regular,married,3,43,4,2,3,4,4,4,4,3,4,3,4,1,3,3,5
268,A,55,12,323,female,not_employed,married,2,0,1,1,1,1,5,4,5,5,4,2,1,1,2,2,4
269,A,70,16,588,male,regular,married,3,51,4,3,3,4,2,4,3,2,3,5,5,5,5,4,2
270,A,68,16,422,female,regular,widowed,6,39,3,3,1,3,4,2,3,1,3,4,4,3,3,3,2
271,B,75,14,375,female,self_employed,widowed,1,33,2,2,2,2,3,4,4,4,3,3,4,4,5,4,4
272,B,78,12,208,male,not_employed,married,2,0,2,3,3,3,3,1,2,2,3,2,4,5,4,5,1
273,B,55,16,0,male,not_employed,married,3,0,4,5,4,4,2,1,1,2,1,5,4,5,3,5,1
274,A,35,14,331,female,self_employed,married,2,29,3,3,3,3,3,3,2,2,4,4,3,2,1,3,3
275,A,58,9,0,male,not_employed,married,6,0,4,4,5,3,2,1,1,1,1,5,2,4,4,3,2
276,A,77,16,504,female,regular,married,2,35,4,4,5,5,4,1,2,1,1,5,3,3,3,4,3
277,A,52,18,856,female,regular,widowed,1,37,4,3,4,3,4,2,3,3,2,2,4,4,5,4,3
278,A,24,12,186,male,nonregular,never_married,4,30,1,3,1,1,5,3,3,3,3,1,1,1,1,1,5
279,A,61,12,198,female,nonregular,widowed,2,22,3,2,2,2,3,1,2,1,1,4,4,4,3,4,4
280,A,49,12,712,male,regular,married,4,43,4,2,3,3,3,2,1,1,1,5,2,2,2,1,4
281,A,68,14,0,female,not_employed,married,4,0,3,4,4,5,1,2,1,3,1,3,5,3,3,4,3
282,B,41,12,218,male,nonregular,married,3,17,4,4,4,4,2,3,3,3,3,3,2,2,5,4,4
283,B,61,16,573,female,self_employed,married,3,35,3,3,2,2,3,2,2,2,2,4,2,1,3,2,4
284,B,32,16,105,male,nonregular,married,2,16,3,3,2,4,3,4,4,3,5,3,3,4,2,3,4
285,A,63,16,151,female,nonregular,married,2,9,3,4,2,4,1,2,3,3,2,2,5,4,3,5,1
286,B,54,16,558,male,regular,divorced,4,42,4,4,4,3,3,2,2,2,1,3,4,4,5,4,2
287,A,23,12,139,female,nonregular,married,3,25,3,4,4,3,2,3,4,1,1,3,3,4,3,3,4
288,B,69,14,321,male,regular,married,4,43,3,2,1,1,4,3,5,3,3,3,2,3,3,1,4
289,B,61,16,630,female,regular,never_married,1,36,2,1,1,1,5,5,4,5,4,1,2,1,1,1,5
290,B,40,9,409,male,regular,married,2,43,3,3,3,3,3,3,2,3,2,1,4,4,2,3,3
291,B,29,16,361,male,regular,never_married,2,40,2,2,2,1,3,2,2,1,1,3,3,4,3,3,3
292,B,46,14,0,male,not_employed,married,2,0,4,4,4,4,2,2,1,1,3,4,4,4,4,3,2
293,A,68,16,129,female,not_employed,married,2,0,3,3,3,2,4,4,3,4,3,3,2,1,2,2,4
294,B,54,9,86,male,not_employed,married,3,0,2,3,3,3,1,4,3,5,4,3,2,2,3,3,4
295,A,62,14,941,female,regular,widowed,2,47,3,3,4,3,4,3,2,4,3,3,4,3,3,3,3
296,A,72,14,90,female,nonregular,married,2,14,3,3,2,3,3,4,3,3,5,1,2,2,1,3,4
297,B,22,12,235,male,regular,never_married,1,47,1,1,2,2,5,4,2,3,3,3,1,2,2,1,5
298,B,27,12,331,female,regular,never_married,1,51,2,2,2,4,3,3,2,4,2,3,2,2,3,2,1
299,B,77,12,457,male,not_employed,widowed,1,0,2,1,2,4,4,3,3,3,4,4,2,5,3,3,3
300,A,69,12,173,male,not_employed,married,5,0,4,3,4,4,1,2,4,2,2,4,4,5,4,3,2
301,A,33,14,479,male,regular,never_married,1,39,3,3,4,4,4,3,2,3,4,3,5,5,5,5,3
302,A,58,18,734,male,regular,married,2,42,3,5,4,3,2,4,4,3,2,2,3,3,2,3,5
303,B,48,16,76,male,not_employed,married,2,0,3,1,2,1,4,3,3,3,3,4,2,4,2,2,4
304,A,41,9,129,female,not_employed,never_married,1,0,2,3,3,4,3,4,4,5,3,2,4,3,3,4,1
305,A,53,9,456,female,regular,married,2,42,4,1,3,2,4,3,4,2,4,4,4,2,3,3,3
306,B,21,12,79,male,nonregular,never_married,2,27,1,1,3,2,4,3,2,3,4,4,4,2,3,2,2
307,B,74,14,0,male,not_employed,divorced,2,0,4,4,3,2,2,2,4,4,4,2,2,1,3,2,4
308,A,74,12,111,male,self_employed,married,2,24,3,3,3,4,3,3,5,2,4,3,2,2,3,2,1
309,B,64,12,101,female,not_employed,married,4,0,4,2,1,1,4,3,2,3,3,3,2,3,1,1,2
310,A,28,14,240,male,regular,married,6,31,3,4,2,3,4,4,4,3,5,3,2,2,1,1,5
311,B,65,12,114,male,nonregular,never_married,1,17,3,2,2,2,5,2,3,1,2,4,5,4,5,4,2
312,A,47,12,175,male,self_employed,married,2,45,2,4,2,2,5,5,3,3,4,4,3,3,3,3,4
313,B,60,9,307,male,self_employed,never_married,2,31,4,3,4,3,2,2,4,4,3,4,4,4,5,4,1
314,A,75,9,145,male,not_employed,married,4,0,3,3,4,3,4,3,5,3,3,2,3,4,4,5,3
315,A,65,12,152,female,not_employed,married,2,0,2,2,4,2,3,1,2,4,1,2,3,3,4,3,5
316,A,69,12,93,male,not_employed,married,2,0,1,3,2,3,4,3,2,2,2,4,2,2,3,3,3
317,A,50,14,264,male,nonregular,married,3,23,4,4,5,5,1,2,4,3,3,4,1,4,3,2,4
318,B,48,9,177,female,not_employed,married,2,0,3,2,3,2,3,3,4,3,3,2,2,3,4,3,4
319,A,71,12,244,male,self_employed,widowed,1,45,5,5,4,4,3,3,1,3,3,5,2,3,3,2,3
320,A,59,16,103,male,not_employed,married,6,0,5,3,5,4,3,3,4,4,2,3,2,4,2,3,1
321,B,40,9,126,male,not_employed,divorced,1,0,2,3,2,1,5,5,2,3,1,1,4,4,2,4,2
322,A,56,12,178,female,not_employed,married,2,0,3,4,2,3,4,3,3,4,4,3,3,4,2,2,4
323,A,49,9,0,female,not_employed,married,2,0,1,1,1,1,4,3,2,3,4,4,2,3,2,1,5
324,A,70,12,146,male,not_employed,married,5,0,3,3,4,3,3,4,3,4,4,2,3,3,3,3,2
325,B,64,16,596,male,regular,married,3,53,3,3,2,3,1,2,2,1,1,2,4,5,3,5,3
326,B,49,12,421,female,regular,married,3,50,5,3,3,4,3,3,4,3,3,3,4,2,5,4,2
327,B,46,16,0,male,not_employed,married,2,0,4,3,2,3,4,4,3,3,3,5,4,3,3,4,2
328,A,76,12,220,female,not_employed,married,2,0,4,2,5,4,2,4,5,4,4,2,3,4,3,4,2
329,B,42,12,254,male,regular,married,4,41,4,4,3,4,4,5,3,4,4,3,3,3,1,2,5
330,A,27,16,558,male,regular,married,3,44,3,4,3,3,3,2,3,3,4,3,2,3,2,2,3
331,B,57,12,727,female,self_employed,divorced,1,39,4,4,5,5,2,1,2,1,3,4,4,4,4,4,2
332,B,68,12,97,male,not_employed,divorced,1,0,3,4,2,3,5,5,5,5,5,2,2,2,3,2,5
333,B,27,16,438,male,regular,never_married,2,46,1,1,1,1,4,3,2,3,2,4,3,4,4,3,3
334,B,63,12,109,male,not_employed,married,3,0,2,4,3,3,3,2,2,3,3,1,4,4,4,4,3
335,B,74,12,232,male,not_employed,married,4,0,5,4,4,4,1,3,4,4,3,3,3,2,4,3,3
336,A,62,12,209,male,not_employed,married,4,0,5,5,5,5,2,1,1,1,3,4,5,5,5,5,1
337,A,27,9,232,male,self_employed,never_married,2,70,3,2,2,2,3,2,5,4,3,5,3,3,2,4,3
338,A,23,12,237,female,self_employed,never_married,3,41,2,1,4,2,3,5,5,5,5,1,1,1,3,1,5
339,B,61,18,548,male,regular,married,2,34,1,1,4,1,4,3,3,2,2,3,2,3,3,3,3
340,A,37,12,644,female,regular,married,2,38,3,4,3,3,1,3,2,3,3,5,2,4,4,3,3
341,A,31,16,396,female,regular,married,4,33,2,2,1,3,5,4,4,4,4,3,2,2,2,1,4
342,B,58,16,0,female,not_employed,married,4,0,3,3,2,3,3,1,3,1,2,5,5,3,4,3,2
343,B,27,12,183,female,nonregular,married,5,20,2,2,5,4,3,4,5,3,4,2,4,2,4,3,3
344,B,38,12,216,male,nonregular,never_married,3,22,2,2,1,3,4,3,5,4,4,4,1,1,4,2,3
345,A,25,18,346,male,regular,never_married,6,39,2,2,2,1,3,3,4,3,4,4,2,2,3,3,4
346,A,66,9,180,male,not_employed,married,2,0,3,4,2,4,1,2,3,4,2,3,3,3,2,2,2
347,B,23,14,211,female,nonregular,never_married,6,11,3,3,3,3,3,2,1,1,1,4,4,3,3,2,4
348,B,58,12,162,male,nonregular,divorced,1,25,2,2,4,3,3,4,4,4,5,4,1,3,2,1,4
349,B,34,14,384,female,regular,never_married,4,36,1,1,2,2,5,4,4,4,5,2,2,1,3,2,3
350,B,74,12,486,female,nonregular,widowed,1,17,2,2,2,2,3,2,1,3,3,4,1,2,3,3,3
351,B,63,12,88,female,not_employed,married,6,0,4,5,3,4,2,4,3,4,3,3,3,3,2,3,3
352,A,32,14,439,female,regular,married,2,45,2,3,2,5,3,2,3,2,2,4,3,3,3,3,3
353,B,53,16,71,female,not_employed,married,2,0,2,2,3,3,2,3,3,2,4,3,2,3,4,3,2
354,A,72,12,115,female,not_employed,widowed,2,0,2,3,3,2,3,5,4,3,3,2,5,3,3,3,3
355,A,46,14,529,female,regular,married,3,42,3,3,3,3,5,4,2,3,3,3,3,3,3,2,5
356,A,70,18,497,male,regular,married,6,34,5,5,4,5,2,1,5,3,1,4,4,3,2,3,1
357,A,37,18,642,male,regular,married,2,40,5,4,5,5,2,3,2,2,3,4,2,3,4,3,2
358,B,70,12,0,female,not_employed,married,2,0,4,4,4,5,1,4,4,3,4,1,5,4,4,4,3
359,A,50,12,620,male,regular,widowed,2,45,2,2,2,3,2,1,3,2,2,2,3,2,3,3,2
360,A,66,9,0,male,not_employed,divorced,5,0,4,1,2,2,4,1,1,3,1,4,5,5,5,4,2
361,A,27,16,258,male,self_employed,never_married,1,50,3,2,2,3,3,2,3,4,2,4,1,1,1,1,4
362,B,32,16,467,male,regular,divorced,2,35,1,3,2,2,3,2,1,2,2,4,2,3,3,3,4
363,A,21,12,465,male,regular,married,2,38,2,2,3,3,2,3,4,4,2,3,3,3,3,2,4
364,B,60,12,0,female,not_employed,married,2,0,4,4,3,4,3,3,3,4,4,4,4,2,4,3,2
365,A,58,14,124,male,nonregular,married,2,29,3,3,4,3,2,3,5,3,3,1,4,2,3,4,3
366,A,67,12,419,male,regular,married,3,34,3,4,4,3,3,3,3,3,1,3,4,5,3,5,2
367,B,44,9,408,female,regular,married,5,40,4,4,4,4,1,3,4,3,5,1,2,2,5,3,2
368,A,57,14,101,female,not_employed,married,2,0,5,3,3,4,4,2,3,3,2,3,3,3,4,3,2
369,A,71,9,0,male,not_employed,married,2,0,2,2,4,2,3,3,3,4,2,4,5,4,3,5,1
370,B,75,18,0,male,not_employed,widowed,3,0,4,3,5,2,2,3,3,3,4,3,3,3,2,2,3
371,B,69,16,0,female,not_employed,married,3,0,5,3,4,5,3,1,1,1,1,5,4,4,4,4,3
372,A,49,16,85,male,not_employed,never_married,1,0,2,3,1,2,4,3,3,4,3,3,2,1,3,2,4
373,A,35,12,296,female,regular,never_married,4,51,3,3,1,2,1,4,4,4,4,3,2,2,1,3,4
374,B,44,14,0,male,not_employed,married,4,0,3,2,1,3,5,3,4,3,3,2,3,1,3,2,3
375,B,70,9,0,male,not_employed,widowed,2,0,4,3,4,3,3,3,3,2,1,5,3,5,3,4,2
376,A,33,16,385,female,regular,married,3,38,4,2,4,3,3,5,4,2,3,5,4,4,2,3,3
377,A,42,16,759,male,regular,never_married,1,45,1,2,2,1,4,1,1,3,3,3,2,3,4,2,4
378,B,65,12,187,female,self_employed,widowed,4,58,4,4,3,3,2,3,2,2,3,4,5,5,5,5,2
379,A,67,18,0,male,not_employed,married,4,0,2,4,1,1,2,5,3,4,4,1,3,3,3,2,3
380,A,49,12,403,female,self_employed,married,4,33,3,3,2,3,3,2,2,2,3,2,3,5,4,3,4
381,B,28,9,245,male,not_employed,never_married,1,0,2,3,2,1,4,4,4,3,3,3,5,2,3,4,2
382,A,23,14,587,female,regular,never_married,1,41,2,1,3,2,5,4,4,2,4,3,1,2,1,1,5
383,B,24,12,198,female,regular,never_married,1,37,2,3,2,3,4,1,2,2,3,3,2,2,3,2,3
384,A,70,18,1014,male,self_employed,married,2,38,5,5,5,5,1,4,3,4,3,3,4,4,5,4,2
385,B,67,9,95,female,not_employed,divorced,1,0,4,5,5,5,1,2,3,2,3,3,4,4,4,5,2
386,A,54,9,267,male,self_employed,married,2,39,3,3,3,3,3,2,2,1,1,2,3,4,4,4,3
387,A,79,14,90,male,not_employed,never_married,1,0,5,5,5,5,2,1,1,2,1,4,4,5,5,5,2
388,B,49,16,667,female,regular,married,2,36,3,2,2,1,4,4,2,1,2,4,3,3,2,1,2
389,A,52,12,229,female,nonregular,never_married,1,8,3,5,3,5,1,4,5,4,5,1,4,2,5,3,3
390,A,44,16,271,female,nonregular,never_married,3,16,2,2,3,2,5,4,4,3,3,5,3,3,3,3,4
391,A,66,16,499,male,regular,widowed,2,42,3,3,3,2,3,5,5,5,5,2,2,3,2,1,4
392,A,58,18,1109,female,regular,married,5,43,4,5,4,4,2,4,2,2,4,2,2,3,4,3,3
393,A,38,12,340,male,self_employed,never_married,2,45,3,2,4,3,1,4,4,4,3,4,4,3,3,4,4
394,B,75,14,0,male,not_employed,married,3,0,3,4,3,5,2,1,2,3,3,3,3,2,3,1,4
395,B,27,9,0,female,not_employed,married,5,0,1,1,2,1,4,3,5,5,4,4,1,1,2,1,4
396,B,79,16,291,male,not_employed,married,3,0,3,3,3,4,3,5,3,3,4,2,2,5,2,3,4
397,B,73,16,530,female,regular,married,2,35,5,4,5,5,3,2,3,2,3,5,5,5,5,5,1
398,A,69,16,180,female,self_employed,married,3,32,4,4,3,5,1,3,3,5,4,3,4,4,5,4,2
399,B,78,16,89,male,not_employed,married,5,0,2,1,1,2,5,3,4,3,3,2,3,4,4,4,3
400,A,47,14,435,male,regular,married,3,31,3,4,3,2,4,3,2,3,1,2,3,4,3,5,3
401,B,34,18,1074,male,regular,married,3,39,1,2,2,2,5,4,2,4,4,3,1,1,2,2,4
402,B,61,16,90,male,not_employed,married,2,0,4,4,5,4,3,2,3,3,2,4,5,4,5,5,2
403,A,66,12,0,male,not_employed,married,6,0,4,5,4,4,1,2,2,1,2,4,4,4,4,4,1
404,A,71,14,383,male,not_employed,widowed,3,0,5,4,5,4,2,3,4,3,3,3,3,5,4,5,3
405,A,46,12,400,female,regular,married,4,40,2,3,3,2,3,4,3,4,4,3,2,4,2,3,5
406,B,22,16,392,female,regular,never_married,1,38,2,3,2,3,4,4,4,3,4,3,2,3,1,3,4
407,B,23,9,285,male,regular,married,5,35,1,3,2,3,3,4,5,4,3,3,3,2,2,1,5
408,B,34,16,364,male,regular,never_married,2,37,1,2,1,1,2,5,3,5,3,3,1,1,2,1,4
409,B,64,16,475,female,regular,married,2,41,3,5,4,4,2,2,1,1,1,3,3,2,3,4,2
410,A,61,12,0,male,not_employed,married,2,0,4,4,3,4,1,3,3,1,4,3,3,3,3,3,4
411,B,34,16,330,male,regular,married,3,48,4,5,4,3,2,2,3,2,2,5,3,3,2,3,2
412,A,71,9,99,male,not_employed,married,2,0,1,2,1,3,4,4,4,3,4,3,4,3,5,4,2
413,B,61,12,529,male,regular,married,4,42,4,2,4,4,2,1,3,4,1,3,5,4,5,4,1
414,B,58,12,172,male,nonregular,married,3,12,2,2,4,3,4,4,5,4,5,1,3,3,4,4,1
415,A,22,16,359,female,regular,never_married,3,42,2,3,2,1,3,3,2,2,3,4,1,1,1,1,4
416,B,63,12,66,female,not_employed,married,3,0,3,4,3,2,4,1,5,2,3,4,3,3,4,4,3
417,B,53,14,225,female,nonregular,married,3,22,4,4,3,4,1,4,4,2,3,1,5,2,3,3,3
418,A,54,12,0,male,not_employed,married,2,0,2,3,3,2,4,2,3,3,3,4,4,3,3,3,3
419,A,21,14,191,male,self_employed,never_married,4,42,3,2,3,1,5,5,5,5,5,1,1,1,1,2,4
420,B,30,16,728,male,self_employed,never_married,3,53,2,3,4,2,4,2,2,3,2,3,2,2,1,3,5
421,A,44,12,408,male,nonregular,married,2,24,2,2,1,2,3,5,5,5,5,1,3,2,3,3,5
422,A,55,9,430,female,self_employed,married,2,57,4,4,3,5,3,4,4,3,3,3,2,2,2,3,4
423,B,43,18,294,male,not_employed,never_married,1,0,2,4,4,2,3,2,3,2,2,4,5,3,4,3,1
424,B,61,16,93,female,not_employed,divorced,1,0,3,1,3,4,3,2,3,2,1,3,3,5,4,3,3
425,A,61,12,299,female,regular,divorced,3,47,2,3,3,2,2,3,3,4,3,3,2,2,2,2,5
426,B,63,9,253,male,nonregular,married,4,11,4,3,2,4,2,4,3,2,2,3,5,3,2,4,1
427,B,44,9,453,male,regular,never_married,1,39,3,3,4,3,2,3,3,1,3,4,3,3,4,4,3
428,B,37,12,252,male,nonregular,married,6,28,3,4,2,3,2,1,2,2,1,5,3,3,3,4,3
429,B,38,12,138,female,not_employed,never_married,1,0,2,2,2,1,3,3,4,2,4,2,1,1,3,1,4
430,B,74,12,510,female,regular,widowed,1,46,5,5,5,4,1,2,2,3,3,4,4,4,5,4,3
431,B,77,16,108,male,not_employed,never_married,1,0,1,1,2,1,4,4,5,3,3,4,3,2,3,2,5
432,B,78,12,0,other,not_employed,married,3,0,4,4,3,4,3,3,4,3,2,4,5,5,4,5,1
433,A,78,12,198,male,not_employed,divorced,1,0,4,3,3,1,1,2,4,3,3,3,4,3,5,3,2
434,B,71,16,369,female,not_employed,widowed,1,0,5,5,4,3,2,3,3,4,3,3,5,5,4,5,2
435,B,27,12,406,female,regular,married,3,44,4,4,3,3,3,3,4,5,3,2,4,2,3,2,5
436,B,43,14,133,female,not_employed,married,3,0,5,3,4,4,1,2,3,3,4,1,3,4,3,3,3
437,A,66,12,224,female,not_employed,divorced,1,0,3,3,3,4,1,3,1,2,2,3,2,2,2,2,3
438,A,22,16,210,male,regular,never_married,1,44,3,4,3,4,2,1,2,2,2,4,2,3,4,2,3
439,A,69,12,301,female,self_employed,divorced,2,52,3,4,3,3,3,2,4,4,3,4,4,3,5,2,4
440,B,29,12,207,female,regular,divorced,1,41,2,4,3,3,2,2,3,2,2,4,3,3,3,5,3
441,B,40,14,228,female,nonregular,married,3,14,2,1,2,1,2,3,3,3,4,3,2,2,2,2,5
442,B,25,12,371,male,regular,married,4,35,1,4,2,2,3,3,5,3,4,4,2,3,1,3,5
443,A,49,16,426,female,self_employed,married,3,15,4,3,3,3,4,4,3,3,4,1,3,5,3,4,3
444,A,78,9,91,female,not_employed,married,3,0,3,3,3,3,4,3,4,3,2,3,4,4,5,5,3
445,B,31,16,249,male,regular,never_married,4,48,3,4,5,5,1,2,2,3,2,3,4,2,2,3,3
446,B,23,16,459,male,regular,married,2,42,3,3,3,4,3,3,3,4,3,5,3,2,3,3,2
447,B,30,12,397,female,regular,married,2,45,2,3,2,2,3,2,3,2,3,4,1,1,1,1,2
448,A,38,12,280,other,nonregular,married,2,13,4,4,4,4,3,2,3,5,4,4,5,2,3,4,2
449,B,34,12,548,female,self_employed,married,4,57,4,3,2,3,4,2,3,4,5,5,3,2,2,1,3
450,B,48,9,192,male,not_employed,never_married,1,0,2,2,3,1,5,4,4,4,4,3,1,2,2,2,4
451,B,29,9,0,male,not_employed,never_married,1,0,3,4,5,4,1,2,2,4,3,2,4,3,2,2,5
452,B,23,12,262,male,regular,never_married,3,45,3,2,2,4,3,3,4,5,3,1,2,3,3,3,1
453,B,24,14,339,female,regular,never_married,2,41,3,3,4,3,3,3,2,3,1,4,4,3,3,3,4
454,B,58,12,90,male,not_employed,married,2,0,2,2,2,3,3,4,4,4,4,4,2,2,2,1,4
455,B,50,12,124,female,not_employed,divorced,1,0,4,3,4,3,3,4,4,3,3,3,4,2,3,4,2
456,A,63,14,516,female,regular,married,2,35,4,4,4,4,2,4,4,5,4,3,1,2,2,2,4
457,B,58,12,152,male,nonregular,married,2,29,1,2,2,1,5,3,3,5,3,3,3,3,5,4,3
458,B,33,12,116,male,nonregular,married,2,30,3,3,3,4,2,2,3,1,1,5,4,4,3,4,2
459,B,44,12,0,male,not_employed,married,2,0,1,2,3,3,3,5,4,3,3,2,4,4,4,5,3
460,A,30,16,449,male,nonregular,married,3,30,2,1,3,2,4,5,3,3,4,4,2,1,3,3,4
461,B,36,18,163,male,self_employed,divorced,3,30,3,2,4,3,3,3,3,4,3,3,2,1,1,4,3
462,B,53,14,528,male,regular,married,4,42,2,1,1,1,5,1,3,3,3,4,1,1,1,1,5
463,A,36,12,437,male,regular,never_married,1,42,2,2,2,1,4,5,4,4,5,2,1,1,1,1,3
464,B,55,16,526,female,regular,never_married,4,38,4,4,4,5,3,3,3,1,3,4,4,3,5,4,4
465,B,61,12,479,male,regular,married,3,45,2,3,3,2,3,1,1,3,2,4,3,3,3,2,2
466,A,73,14,0,female,not_employed,married,2,0,3,2,4,3,5,4,3,2,4,3,1,3,1,2,4
467,A,62,16,0,male,not_employed,married,5,0,5,5,4,4,3,2,1,3,2,3,3,5,5,4,2
468,B,20,14,182,female,nonregular,never_married,2,24,1,1,2,1,3,3,3,3,4,3,3,2,3,3,2
469,A,58,9,1291,male,self_employed,married,4,37,4,5,4,3,2,3,3,3,3,4,5,4,2,4,2
470,B,46,18,641,female,regular,married,2,44,3,1,2,2,5,4,3,3,3,4,4,4,4,3,4
471,B,77,16,0,male,not_employed,divorced,2,0,3,4,4,3,2,1,1,2,1,4,2,3,2,4,3
472,B,40,9,536,male,regular,never_married,1,40,3,2,4,4,3,2,3,3,2,4,3,2,1,2,3
473,B,21,14,385,male,regular,never_married,4,34,2,2,3,3,2,3,2,2,4,3,2,1,2,2,4
474,A,46,12,508,female,regular,married,2,41,1,1,2,2,5,5,5,4,5,1,2,2,4,1,4
475,A,36,14,690,female,regular,married,2,39,3,4,4,3,3,1,3,2,1,3,3,2,3,2,4
476,B,44,14,228,male,self_employed,married,4,29,2,2,1,2,2,1,1,1,1,4,5,5,5,5,2
477,A,41,12,682,female,regular,married,5,38,3,2,2,1,4,5,5,5,5,2,2,3,3,2,3
478,B,54,14,612,male,regular,married,3,41,3,3,3,3,3,5,5,4,5,1,1,1,1,1,5
479,B,56,12,233,male,not_employed,married,2,0,3,3,2,4,5,2,1,1,2,4,1,3,2,2,5
480,A,48,12,149,female,self_employed,never_married,2,51,3,3,2,4,4,2,2,4,3,3,3,4,4,4,1
481,A,59,12,200,female,not_employed,married,3,0,2,3,1,3,4,1,1,1,1,5,5,4,2,3,3
482,B,23,12,256,male,regular,married,4,45,3,3,2,2,4,2,3,3,3,3,2,1,2,1,4
483,A,71,12,251,female,nonregular,married,4,20,5,5,4,5,3,1,1,2,1,4,2,3,4,3,4
484,B,77,16,276,female,self_employed,married,3,42,4,3,4,4,2,3,3,5,4,2,4,4,3,4,2
485,A,40,9,337,female,regular,married,3,36,2,3,2,2,5,2,3,3,2,3,1,1,1,2,5
486,B,73,14,50,male,not_employed,married,6,0,3,2,4,4,2,4,5,3,4,2,4,4,4,4,2
487,B,59,12,268,female,not_employed,married,4,0,3,4,2,3,2,3,3,2,2,2,3,3,5,3,3
488,A,32,16,402,male,regular,never_married,3,40,2,1,2,1,4,5,4,4,4,3,2,3,2,2,3
489,A,23,12,218,male,regular,never_married,1,49,4,2,1,2,5,1,2,2,3,5,2,3,2,2,4
490,A,21,12,267,female,regular,never_married,2,50,2,2,4,2,4,5,3,3,3,2,3,3,1,1,4
491,B,37,9,490,female,self_employed,married,6,50,2,2,4,3,3,3,2,4,4,4,2,2,3,1,5
492,B,35,9,371,male,self_employed,never_married,1,26,3,4,2,3,2,4,4,5,4,2,1,1,1,1,5
493,B,23,16,363,male,self_employed,never_married,2,53,2,3,3,2,3,3,3,3,3,2,1,1,1,2,5
494,B,58,14,276,other,not_employed,never_married,2,0,4,4,3,4,3,3,3,4,4,3,5,5,4,5,3
495,A,40,14,357,male,regular,married,4,38,4,3,4,4,2,4,4,3,3,2,1,4,2,3,3
496,A,68,12,507,female,regular,married,2,44,2,4,5,3,3,5,3,4,5,1,4,4,2,3,3
497,B,73,12,228,male,not_employed,married,2,0,4,5,5,4,2,3,2,5,2,2,3,4,5,4,2
498,A,42,12,183,female,nonregular,never_married,1,20,3,4,3,3,5,3,4,2,2,3,2,2,1,2,5
499,A,58,12,0,female,not_employed,married,3,0,5,4,4,4,1,2,1,3,1,5,3,3,2,2,3
500,A,25,12,364,female,regular,divorced,1,37,3,3,3,3,2,3,3,1,2,3,2,3,3,3,2
501,A,71,12,347,male,self_employed,widowed,1,56,2,2,3,3,5,3,4,5,3,4,2,1,3,1,5
502,A,30,16,323,male,regular,married,5,45,4,3,4,4,3,4,4,2,3,3,1,3,2,1,4
503,B,65,12,104,male,not_employed,married,3,0,2,1,4,3,3,5,4,4,4,3,4,4,4,4,3
504,B,22,9,111,other,nonregular,never_married,1,17,2,3,3,1,4,5,4,3,4,3,1,2,3,1,5
505,B,24,18,534,female,regular,never_married,2,43,2,4,2,1,5,3,2,3,3,4,2,2,2,2,3
506,A,23,14,211,male,regular,married,3,46,1,3,2,2,5,3,3,2,5,1,1,1,2,1,5
507,B,35,16,420,male,regular,married,5,42,1,1,2,1,5,5,5,5,5,3,2,1,2,1,5
508,B,28,16,379,female,regular,never_married,1,45,2,2,3,3,3,5,5,5,4,1,2,3,1,1,3
509,B,32,14,109,female,not_employed,never_married,5,0,3,3,3,2,4,3,4,5,4,3,2,2,3,3,4
510,A,27,12,342,female,regular,married,4,38,4,4,3,2,4,5,5,3,5,2,1,1,1,1,4
511,A,38,14,285,male,nonregular,married,4,22,4,5,3,5,2,4,4,3,4,1,3,5,3,4,3
512,A,79,12,0,female,not_employed,married,2,0,3,5,5,5,1,3,3,3,3,3,5,4,4,4,3
513,A,72,14,123,male,nonregular,widowed,1,28,3,3,4,3,2,5,3,3,3,5,3,5,3,3,2
514,A,30,9,313,male,regular,married,2,40,2,2,1,2,3,3,3,2,2,4,1,3,2,1,3
515,A,62,14,770,female,regular,married,4,43,3,3,3,2,4,3,3,4,4,4,2,2,2,2,4
516,B,58,12,276,female,nonregular,married,2,22,4,2,3,5,3,2,3,2,2,2,3,2,3,3,4
517,B,41,14,0,female,not_employed,married,2,0,2,3,5,2,3,4,2,2,4,1,2,2,2,1,3
518,B,30,12,206,male,regular,married,3,43,3,3,3,3,4,3,2,3,4,4,4,3,1,3,5
519,A,29,16,606,female,regular,married,4,38,4,3,5,4,2,3,3,3,3,3,1,1,1,3,1
520,A,36,12,133,female,nonregular,never_married,1,21,1,1,1,2,5,5,5,5,5,1,3,1,1,1,3
521,A,28,9,0,male,not_employed,never_married,4,0,2,4,4,4,4,3,2,3,3,4,3,4,3,1,1
522,A,75,16,212,male,self_employed,divorced,1,42,2,2,3,3,3,2,4,3,4,2,3,5,4,4,3
523,B,35,12,274,male,regular,married,2,43,1,2,4,1,5,5,5,4,5,1,1,3,1,3,4
524,B,74,16,466,male,self_employed,married,2,18,4,3,2,4,3,4,5,2,3,3,3,4,4,4,3
525,B,27,12,101,female,nonregular,never_married,1,17,2,2,1,2,4,4,5,4,3,3,2,1,2,1,5
526,A,28,18,557,male,regular,never_married,2,41,2,3,2,3,2,3,2,2,2,2,2,1,3,2,4
527,A,39,16,1124,other,regular,divorced,1,34,3,4,3,3,3,5,4,3,3,2,2,2,4,3,4
528,B,52,12,98,male,not_employed,married,3,0,5,3,5,3,2,1,2,2,1,5,5,5,4,5,1
529,B,58,14,214,female,nonregular,married,2,17,3,3,3,3,3,2,3,4,1,4,2,4,3,3,3
530,B,32,12,178,female,regular,married,2,41,1,2,4,1,2,5,4,5,5,2,1,1,2,1,4
531,A,74,16,62,male,not_employed,married,4,0,4,5,3,4,4,2,2,2,2,4,4,3,3,2,1
532,A,47,12,292,male,not_employed,married,5,0,2,2,4,4,4,3,2,4,3,3,4,4,4,4,1
533,B,75,14,70,male,not_employed,widowed,1,0,5,4,5,5,1,2,2,1,3,4,3,5,3,4,1
534,B,64,16,0,female,not_employed,married,2,0,4,3,4,4,3,3,2,3,3,3,2,1,3,3,3
535,B,25,14,142,female,not_employed,never_married,1,0,3,3,4,5,2,3,4,2,3,3,2,2,3,2,4
536,A,25,14,358,female,regular,never_married,2,36,2,3,3,1,4,3,4,4,3,2,3,2,3,2,2
537,A,56,12,175,male,nonregular,married,4,23,4,4,3,5,3,2,2,4,2,1,3,3,2,4,4
538,B,68,12,98,female,not_employed,widowed,1,0,1,1,2,2,2,5,4,5,5,2,3,4,3,2,4
539,A,61,16,748,male,regular,never_married,4,44,3,4,2,3,3,3,4,3,4,1,2,3,4,2,3
540,A,28,12,79,male,not_employed,never_married,4,0,4,4,3,4,1,3,3,2,2,5,2,2,1,3,3
541,A,21,12,704,female,self_employed,married,4,39,3,2,1,1,5,5,3,4,3,2,2,2,3,3,2
542,A,43,12,552,male,regular,never_married,5,39,5,3,4,4,1,2,2,2,2,5,5,4,5,5,1
543,B,51,16,633,female,regular,married,4,38,1,1,2,1,5,4,4,5,4,2,1,2,2,1,5
544,A,67,16,70,female,not_employed,married,2,0,4,5,3,4,1,3,2,5,4,3,3,3,3,3,4
545,B,47,14,451,female,regular,married,4,48,3,3,3,4,4,2,1,3,4,2,5,4,4,3,3
546,B,52,14,116,female,not_employed,married,5,0,3,3,4,5,1,4,4,4,3,2,3,4,1,4,4
547,A,21,12,277,female,regular,never_married,1,39,3,2,3,4,5,4,3,3,3,2,3,4,3,4,2
548,A,73,9,69,male,not_employed,widowed,5,0,2,3,2,2,5,1,2,4,2,5,2,3,3,3,2
549,B,63,9,0,female,not_employed,married,4,0,3,2,4,4,2,2,2,3,2,4,3,5,3,3,3
550,B,47,12,0,male,not_employed,married,2,0,1,2,2,1,5,4,5,4,3,3,3,4,2,3,2
551,A,21,9,241,male,regular,married,3,39,3,3,4,3,3,2,3,3,1,3,3,4,3,2,3
552,A,34,9,459,male,regular,never_married,1,42,2,2,2,2,3,3,2,4,3,4,2,3,3,3,3
553,B,78,16,131,female,not_employed,married,4,0,5,4,5,5,1,2,2,2,4,2,5,5,5,5,1
554,B,51,12,93,female,not_employed,married,2,0,4,3,4,4,3,3,4,2,3,4,3,3,3,3,4
555,B,36,16,487,female,regular,married,4,36,2,3,2,2,4,1,1,3,1,3,4,4,3,3,3
556,B,61,16,82,male,self_employed,married,5,33,4,3,2,3,4,4,4,5,4,2,3,3,3,5,1
557,A,76,14,287,female,not_employed,widowed,1,0,1,4,1,3,2,3,4,5,4,3,3,5,3,5,3
558,B,71,12,0,male,not_employed,married,2,0,2,2,1,2,5,4,4,5,4,2,3,4,3,2,3
559,A,22,14,389,female,nonregular,never_married,3,20,3,1,2,2,4,2,3,3,4,4,3,4,4,2,4
560,B,37,12,188,female,nonregular,married,4,12,3,3,2,4,3,2,3,2,3,3,5,4,3,3,2
561,A,59,16,298,female,not_employed,married,5,0,4,4,3,3,2,4,3,3,2,3,2,3,3,4,4
562,A,66,12,125,male,nonregular,divorced,1,23,2,3,4,2,2,3,3,1,3,4,4,4,3,5,2
563,A,71,12,122,male,not_employed,married,4,0,5,3,4,3,4,2,3,1,3,4,4,5,4,5,1
564,A,76,12,137,female,not_employed,widowed,6,0,4,3,3,3,3,3,3,2,3,4,5,4,3,3,3
565,A,75,9,200,male,not_employed,married,5,0,4,3,2,3,4,5,3,4,4,4,3,2,1,2,5
566,B,49,14,526,male,regular,married,4,34,5,5,5,4,2,4,5,4,4,2,5,5,5,4,1
567,B,49,9,157,male,nonregular,married,4,15,2,3,3,1,4,1,3,2,2,3,4,4,4,3,3
568,A,48,16,221,female,nonregular,married,4,28,1,3,3,1,4,2,3,3,3,3,4,5,5,4,2
569,A,79,14,0,male,not_employed,married,3,0,3,3,5,2,3,2,3,4,1,2,4,3,3,4,2
570,A,77,14,190,male,not_employed,divorced,1,0,4,4,1,3,3,3,2,2,1,4,4,4,5,4,2
571,B,45,16,568,female,regular,married,2,44,3,3,3,2,4,5,4,3,4,2,2,2,1,1,5
572,A,60,16,0,female,not_employed,divorced,3,0,1,1,1,1,5,4,4,4,5,3,1,1,1,1,5
573,B,62,14,459,female,regular,married,3,37,4,3,3,3,2,5,4,2,3,4,3,3,4,3,3
574,B,34,12,377,female,regular,married,4,38,3,4,5,2,5,3,5,3,4,3,3,2,3,3,4
575,B,74,14,235,female,nonregular,married,4,26,3,4,3,3,4,3,3,3,4,4,4,5,5,5,1
576,B,70,12,354,male,regular,widowed,1,38,5,5,4,5,1,1,2,1,3,4,4,3,3,4,3
577,B,75,9,135,female,not_employed,widowed,1,0,3,4,3,5,4,1,1,3,2,4,5,4,4,5,1
578,A,41,14,68,male,not_employed,married,3,0,2,3,3,1,5,3,4,4,4,3,2,2,2,1,5
579,A,24,9,152,female,regular,married,3,51,2,1,1,1,3,1,2,1,2,2,2,1,2,1,5
580,B,63,9,236,female,nonregular,married,2,10,2,4,4,3,3,3,3,5,3,2,3,4,4,4,3
581,A,51,12,246,female,nonregular,married,2,29,5,5,5,5,1,3,3,1,3,4,5,5,5,4,1
582,B,36,9,87,female,nonregular,never_married,5,15,4,4,4,5,3,1,1,1,1,4,4,5,5,4,1
583,B,26,12,259,female,regular,never_married,1,50,3,1,2,2,5,3,3,2,2,4,2,1,2,1,5
584,B,58,12,435,female,regular,never_married,5,45,3,4,1,2,3,3,3,5,4,3,4,5,5,5,3
585,A,34,9,299,male,regular,never_married,1,44,4,2,4,2,3,3,1,1,2,5,3,1,2,2,4
586,A,44,12,333,female,regular,married,3,39,2,2,2,4,3,1,3,2,3,4,5,5,5,5,1
587,A,76,16,0,male,not_employed,married,5,0,1,1,2,2,4,2,4,4,2,4,4,3,4,3,3
588,A,69,14,261,male,not_employed,divorced,2,0,1,2,1,1,4,3,5,3,4,1,3,2,4,2,2
589,B,32,12,584,male,regular,never_married,1,52,2,3,3,3,5,3,3,4,4,2,2,3,2,3,4
590,A,58,14,498,male,regular,married,4,34,5,4,4,4,1,3,3,3,5,2,4,3,5,5,3
591,B,45,14,777,male,regular,divorced,1,32,2,3,5,2,3,4,5,4,4,5,4,3,2,4,3
592,B,26,9,160,female,nonregular,never_married,1,18,4,2,1,4,3,4,5,5,5,2,1,1,1,1,5
593,B,55,12,152,male,nonregular,married,4,20,3,2,1,3,3,2,4,4,3,2,2,2,2,3,3
594,A,51,12,493,male,regular,married,4,47,1,3,1,1,4,3,4,4,4,1,3,1,5,4,2
595,A,72,16,0,female,not_employed,widowed,4,0,5,4,5,3,4,2,2,4,4,3,3,4,4,4,1
596,A,26,12,370,female,regular,never_married,1,39,1,3,2,2,4,4,3,4,3,2,4,3,4,2,4
597,A,51,14,305,male,self_employed,married,5,29,3,3,4,4,5,2,3,4,4,1,3,4,5,3,4
598,A,37,12,187,female,nonregular,never_married,3,14,1,1,1,1,5,4,5,5,5,1,2,1,1,1,5
599,B,21,12,104,female,nonregular,never_married,1,11,3,4,3,3,1,3,4,4,3,3,3,3,3,2,2
600,B,54,16,0,male,not_employed,widowed,1,0,1,1,2,1,4,5,4,4,5,1,1,1,1,1,5
601,A,52,14,156,male,nonregular,married,2,24,4,4,3,3,3,1,3,3,2,4,3,3,3,1,3
602,A,30,16,0,female,not_employed,never_married,1,0,3,2,3,3,5,5,4,3,5,1,2,2,1,1,5
603,A,20,14,334,male,regular,never_married,1,39,5,4,4,4,1,2,2,2,3,4,4,4,4,5,2
604,B,43,16,1036,male,regular,married,2,43,5,5,4,4,1,3,4,3,4,4,4,3,5,4,1
605,B,69,16,581,female,regular,married,4,39,4,4,3,4,2,3,2,1,3,3,5,5,5,5,2
606,A,45,12,586,female,regular,divorced,5,36,3,4,4,2,3,2,2,1,1,3,3,3,3,5,4
607,B,67,16,181,female,not_employed,married,2,0,3,4,4,5,2,3,2,1,2,5,5,5,5,5,1
608,B,59,12,478,male,regular,married,2,37,3,1,4,2,3,3,3,3,1,3,4,2,3,3,3
609,A,45,9,401,male,regular,married,5,31,4,1,1,2,5,3,3,3,2,3,3,1,1,2,3
610,B,26,12,612,male,regular,never_married,1,45,4,3,4,2,3,2,1,3,1,4,3,4,2,3,3
611,B,44,12,290,male,self_employed,never_married,4,55,2,1,1,1,4,3,5,4,3,2,1,1,1,1,5
612,B,77,12,68,female,not_employed,married,2,0,4,4,3,3,3,4,3,5,4,3,4,1,5,3,3
613,A,38,14,335,male,nonregular,married,2,20,2,4,2,3,2,2,2,3,3,3,1,1,1,1,4
614,A,59,16,120,female,not_employed,married,4,0,3,1,2,2,3,2,2,1,2,4,2,2,2,3,4
615,A,77,16,74,female,nonregular,divorced,3,23,3,2,3,3,4,3,3,1,1,4,2,3,3,1,3
616,B,25,12,70,male,nonregular,never_married,1,17,2,4,4,5,2,4,2,3,4,2,1,2,3,4,3
617,A,31,16,374,female,regular,never_married,3,40,3,3,1,3,3,4,1,4,3,2,1,1,2,1,4
618,B,31,14,442,female,regular,divorced,1,51,3,2,1,3,5,3,3,4,4,3,2,1,1,1,3
619,B,30,12,140,male,nonregular,married,2,19,2,4,3,3,3,2,3,2,2,4,3,4,1,5,1
620,B,72,14,151,male,not_employed,married,2,0,3,3,1,2,3,3,3,3,4,1,2,1,2,1,4
621,A,43,18,505,female,regular,married,4,43,3,2,5,4,3,2,3,3,3,5,3,4,4,2,2
622,B,65,12,278,male,nonregular,never_married,1,30,3,3,2,3,4,4,4,4,3,2,2,3,2,3,2
623,B,64,14,255,female,regular,divorced,3,38,4,4,3,4,4,3,2,3,2,4,3,3,2,4,3
624,A,73,12,448,male,self_employed,married,6,35,5,5,4,5,1,1,2,1,1,5,5,5,5,4,2
625,A,79,12,0,male,not_employed,married,3,0,3,3,3,4,1,2,4,5,3,4,5,4,5,4,1
626,A,42,14,493,female,regular,married,2,37,3,3,2,3,3,3,4,3,3,1,3,3,3,4,2
627,A,56,12,257,male,not_employed,married,3,0,3,4,3,3,3,5,5,3,4,2,1,1,2,1,5
628,B,29,12,174,male,self_employed,married,2,30,2,3,3,3,4,4,5,4,3,2,1,2,1,1,4
629,B,49,14,62,male,not_employed,married,3,0,4,1,3,2,3,2,2,2,3,4,2,3,4,1,4
630,A,31,12,433,male,regular,never_married,4,36,3,3,4,4,2,3,1,2,2,4,3,3,2,2,3
631,A,77,16,172,male,not_employed,married,2,0,5,4,3,3,3,4,3,5,4,3,4,2,3,3,3
632,B,49,16,393,male,self_employed,never_married,5,33,4,1,3,3,4,3,2,4,3,3,4,4,2,3,3
633,A,72,9,141,female,nonregular,married,3,15,3,2,2,2,5,5,4,3,5,3,4,2,5,4,4
634,B,46,14,141,female,nonregular,married,4,22,1,4,3,5,4,1,2,2,1,4,4,4,5,4,2
635,B,53,14,58,female,not_employed,married,2,0,1,4,3,2,2,5,5,5,5,2,2,3,3,2,5
636,B,51,16,77,male,not_employed,never_married,1,0,4,5,3,4,2,1,2,1,2,5,5,5,4,4,3
637,A,74,14,0,male,not_employed,divorced,4,0,4,5,5,5,3,3,5,3,4,3,5,4,4,5,2
638,B,73,9,163,female,self_employed,married,3,45,1,1,2,1,2,5,5,5,4,2,3,5,3,4,2
639,B,34,12,140,female,nonregular,married,2,12,2,2,2,1,3,4,2,4,4,2,2,1,1,1,4
640,A,43,9,67,female,not_employed,married,3,0,3,4,4,4,2,2,3,3,2,4,3,3,4,3,3
641,B,45,12,118,female,not_employed,married,3,0,3,3,4,2,4,3,5,3,3,2,1,1,4,2,4
642,B,73,12,391,female,regular,widowed,2,44,4,4,4,3,1,2,1,2,2,4,4,5,4,5,2
643,A,20,12,335,female,regular,married,2,37,1,3,2,1,3,5,5,3,4,2,2,2,3,1,5
644,A,60,14,153,female,nonregular,married,2,26,3,3,4,3,3,1,2,3,2,3,1,2,3,1,4
645,A,21,12,270,female,regular,never_married,1,32,1,1,2,1,5,5,4,5,5,1,1,2,1,1,4
646,A,62,14,105,male,not_employed,married,4,0,3,5,3,2,3,4,4,4,5,4,2,4,4,3,2
647,B,71,16,0,female,not_employed,married,2,0,4,3,2,4,1,4,4,2,3,4,3,5,4,4,5
648,A,58,12,172,male,not_employed,married,3,0,3,3,3,3,2,2,3,3,3,2,4,3,4,4,2
649,A,59,9,0,male,not_employed,never_married,1,0,4,3,5,2,4,3,5,3,2,3,2,3,3,2,5
650,B,27,9,327,female,regular,never_married,1,39,5,4,5,5,1,4,4,2,3,5,3,4,5,4,3
651,B,30,12,323,female,self_employed,never_married,2,39,1,3,3,1,4,3,3,2,3,5,2,2,3,2,3
652,B,40,16,244,female,not_employed,never_married,1,0,2,3,2,3,5,5,5,5,4,1,3,2,4,2,3
653,B,56,14,93,female,not_employed,never_married,1,0,3,3,3,4,2,3,2,4,2,3,5,4,5,5,1
654,A,61,12,133,male,not_employed,married,5,0,3,4,4,4,1,4,4,3,3,1,5,3,3,4,3
655,B,79,18,65,male,not_employed,widowed,1,0,3,3,4,4,2,1,1,3,1,3,4,3,4,4,5
656,B,69,16,0,female,not_employed,married,4,0,2,2,4,3,4,4,4,3,4,2,2,2,4,1,4
657,A,47,16,271,female,nonregular,married,3,20,4,4,2,2,4,3,3,3,3,4,3,5,2,3,1
658,B,25,16,207,female,nonregular,married,6,12,2,3,3,2,2,3,2,4,4,2,1,1,3,1,5
659,A,25,9,257,female,regular,never_married,1,45,4,3,3,3,4,3,3,4,4,2,4,2,3,3,2
660,B,60,12,135,male,self_employed,divorced,4,17,5,5,5,5,1,3,2,2,2,3,5,5,5,5,1
661,A,23,12,343,male,regular,never_married,2,39,1,2,2,2,3,3,5,5,5,3,2,3,2,2,3
662,A,55,12,509,male,self_employed,married,5,50,4,5,3,4,2,3,2,3,2,5,3,5,2,4,2
663,A,49,16,686,male,regular,married,2,36,3,1,3,2,5,3,4,3,5,2,1,2,2,1,3
664,A,61,16,329,male,regular,divorced,3,34,5,5,3,3,1,5,5,4,4,2,3,4,3,4,3
665,A,58,12,144,male,not_employed,married,4,0,4,3,4,4,3,3,3,3,4,3,3,4,3,3,2
666,A,72,16,797,female,self_employed,married,2,50,3,5,4,4,1,3,3,4,2,4,3,2,3,4,2
667,A,41,12,736,female,regular,married,2,38,2,3,2,3,4,3,2,3,3,3,2,2,2,2,2
668,A,78,14,168,male,self_employed,married,5,54,2,2,2,2,3,2,2,2,1,5,4,3,4,3,2
669,B,66,16,905,female,regular,married,2,34,4,3,5,3,2,3,3,2,3,3,3,5,4,4,1
670,A,20,12,212,male,regular,never_married,1,47,2,1,2,4,5,3,1,2,2,2,2,3,3,2,3
671,A,60,16,260,male,not_employed,married,3,0,3,4,4,4,1,3,5,3,5,2,3,3,4,4,3
672,B,68,12,594,female,self_employed,married,2,28,4,4,4,5,2,2,2,2,1,4,5,4,5,5,1
673,A,25,14,489,female,regular,never_married,1,48,1,2,2,2,3,4,4,5,3,2,1,2,1,1,4
674,B,67,9,0,male,not_employed,married,2,0,5,5,4,5,2,3,3,4,4,4,3,3,2,2,3
675,B,51,9,143,male,nonregular,married,4,23,2,1,3,3,4,3,3,3,2,1,3,2,2,2,2
676,A,34,14,0,male,not_employed,never_married,1,0,5,3,3,3,2,3,2,2,3,4,2,2,1,2,3
677,B,53,14,702,male,self_employed,never_married,1,53,2,3,5,3,3,5,4,4,4,3,1,2,1,1,5
678,A,52,12,175,female,nonregular,never_married,3,15,4,4,4,4,3,2,1,3,1,4,3,3,3,3,2
679,A,55,12,0,male,not_employed,married,2,0,5,5,5,5,3,5,4,3,5,1,4,5,5,4,1
680,B,35,14,136,male,nonregular,married,4,25,2,2,2,1,4,5,5,5,5,2,2,1,1,1,4
681,B,39,16,464,female,regular,never_married,5,30,3,3,5,2,3,3,4,5,5,1,3,3,2,4,4
682,B,68,16,48,male,not_employed,divorced,1,0,5,4,4,4,3,4,4,4,3,1,2,3,4,3,4
683,B,31,9,410,female,regular,married,2,32,2,1,3,3,1,4,2,1,2,3,3,4,4,4,2
684,A,70,12,0,female,not_employed,widowed,1,0,3,1,2,2,3,5,5,4,5,2,4,3,3,5,1
685,A,39,12,0,male,not_employed,married,5,0,2,2,1,3,4,4,3,1,3,2,1,2,2,3,4
686,A,77,12,176,male,not_employed,widowed,4,0,5,3,5,4,2,3,2,2,1,3,5,5,3,5,1
687,A,56,14,188,female,nonregular,married,4,12,5,3,5,4,1,2,3,4,3,3,5,5,4,4,2
688,A,31,14,173,female,nonregular,never_married,1,22,4,5,4,5,2,2,1,1,1,3,4,3,4,4,3
689,B,48,16,630,female,regular,married,2,31,2,1,3,2,4,4,5,2,5,1,3,3,2,2,2
690,B,56,9,211,other,not_employed,never_married,1,0,2,5,3,4,3,4,2,2,4,3,2,1,4,2,3
691,A,20,14,266,female,regular,never_married,1,47,2,3,3,2,4,4,5,4,4,2,1,2,2,2,4
692,A,49,12,446,female,self_employed,married,3,38,4,3,5,4,2,4,2,4,3,3,5,3,2,3,2
693,B,30,9,0,female,not_employed,married,2,0,3,2,3,1,5,3,3,3,2,4,1,1,1,2,3
694,B,46,12,0,female,not_employed,married,2,0,1,2,3,3,2,2,3,4,2,2,2,2,1,1,5
695,A,78,12,137,female,not_employed,divorced,6,0,3,4,4,4,2,3,4,2,4,2,4,4,5,4,1
696,B,39,12,0,female,not_employed,married,5,0,4,5,5,3,3,1,1,3,1,5,3,4,2,3,3
697,A,56,9,81,female,not_employed,married,2,0,1,1,3,3,5,4,3,4,3,3,4,3,3,2,5
698,A,67,14,122,female,not_employed,married,2,0,4,3,5,4,2,3,4,3,3,4,5,4,4,5,4
699,B,34,14,225,male,self_employed,married,2,41,4,1,2,2,3,3,3,2,1,2,3,2,3,2,3
700,A,47,9,148,female,nonregular,married,2,23,4,3,2,3,3,3,2,2,1,4,2,1,4,2,4
701,B,20,12,424,male,regular,never_married,3,42,2,4,3,3,2,1,2,2,1,4,3,4,1,5,3
702,B,51,14,371,female,regular,married,4,47,3,2,3,3,4,5,3,4,4,2,3,1,2,2,5
703,A,28,12,106,female,nonregular,never_married,1,21,4,3,5,4,3,3,2,4,4,3,4,2,3,3,2
704,A,29,12,276,female,nonregular,married,2,17,2,2,3,2,4,3,4,4,4,2,4,3,3,3,4
705,B,75,12,65,female,nonregular,married,5,18,4,4,3,3,5,4,4,4,4,2,4,4,3,4,2
706,A,66,12,0,female,not_employed,married,3,0,2,2,3,3,2,4,4,4,5,3,3,3,2,4,2
707,B,21,9,325,male,self_employed,married,2,63,3,2,2,3,5,3,2,4,3,3,3,4,3,2,4
708,B,79,14,79,male,not_employed,married,3,0,4,5,5,4,3,2,2,2,1,5,5,5,4,5,1
709,B,35,16,745,female,nonregular,married,4,12,1,3,3,3,3,3,3,3,3,3,4,4,4,4,5
710,A,35,12,361,female,regular,married,3,51,5,5,3,4,3,2,3,3,3,4,3,4,3,2,5
711,A,38,18,864,male,regular,married,2,40,1,1,1,1,5,4,3,3,2,3,3,2,1,2,5
712,A,22,14,80,female,self_employed,never_married,1,58,3,3,3,2,4,4,3,3,4,4,2,2,2,1,4
713,B,47,9,173,male,nonregular,married,2,15,5,5,5,5,3,2,2,3,3,3,4,5,2,2,3
714,B,31,12,455,male,self_employed,never_married,1,28,2,2,2,2,3,2,2,3,2,4,2,4,3,2,3
715,A,28,16,373,female,regular,never_married,1,38,2,2,3,4,3,4,2,4,3,4,3,1,1,1,5
716,B,71,14,186,female,not_employed,married,2,0,4,4,3,3,3,2,2,2,2,2,3,5,3,5,1
717,A,33,16,697,male,regular,married,2,45,4,5,2,3,3,3,5,3,3,3,2,3,5,1,4
718,A,79,16,113,male,not_employed,married,3,0,3,4,3,3,3,4,4,4,5,4,4,4,3,4,3
719,A,68,12,475,male,regular,married,2,30,3,5,3,3,3,3,4,3,4,3,4,4,4,4,3
720,B,67,14,43,male,not_employed,married,2,0,3,3,2,2,4,3,2,4,5,2,5,5,5,5,2
721,B,33,9,310,other,self_employed,never_married,2,38,2,2,2,2,4,4,2,3,3,3,3,4,2,2,2
722,B,60,12,0,male,not_employed,married,2,0,4,5,5,4,2,4,5,5,5,3,2,4,4,2,4
723,B,40,16,355,male,self_employed,never_married,2,41,3,3,3,4,2,2,1,2,1,5,2,3,4,2,3
724,A,33,14,580,female,regular,never_married,1,45,5,4,3,3,1,2,1,2,4,5,3,3,4,3,2
725,A,23,12,127,female,nonregular,never_married,5,17,4,3,3,3,2,4,4,3,2,2,2,3,3,3,3
726,A,54,12,195,male,not_employed,married,4,0,3,2,2,2,4,3,2,5,2,2,2,3,1,2,2
727,B,39,9,173,male,not_employed,divorced,1,0,1,1,1,1,3,4,4,3,4,3,3,3,2,1,2
728,B,31,12,138,female,nonregular,never_married,1,21,3,3,5,3,1,3,3,2,3,5,2,1,2,2,3
729,B,26,18,268,female,regular,never_married,1,39,3,2,2,2,5,2,3,3,3,2,3,4,3,3,1
730,A,35,12,116,male,nonregular,married,5,10,1,1,2,2,4,4,3,4,3,3,3,4,4,3,2
731,B,50,16,335,male,self_employed,married,2,40,3,3,2,2,3,5,4,4,5,2,2,1,2,2,2
732,A,23,16,332,female,regular,never_married,1,43,1,1,1,1,4,5,4,4,4,2,2,4,3,2,3
733,B,52,16,177,male,self_employed,married,2,48,1,3,3,2,2,2,2,3,3,4,2,3,4,4,4
734,B,26,12,453,other,regular,never_married,4,41,2,1,2,1,5,3,3,3,2,4,3,2,4,3,2
735,B,56,12,251,female,self_employed,married,2,37,5,2,3,3,5,1,1,1,1,5,5,4,5,4,2
736,A,55,12,814,male,regular,married,4,35,2,4,2,3,2,2,3,2,3,4,3,4,4,3,4
737,B,63,12,0,female,not_employed,married,2,0,3,4,5,3,2,5,5,4,4,3,5,4,5,4,3
738,A,46,16,1774,female,regular,never_married,2,34,1,4,3,2,3,4,4,3,4,4,4,3,3,4,4
739,A,76,14,203,female,not_employed,widowed,1,0,4,2,2,2,3,1,1,3,2,4,4,5,5,4,1
740,B,35,18,508,female,self_employed,never_married,1,25,1,3,1,1,4,4,4,4,5,2,1,2,4,1,4
741,A,22,12,277,male,regular,never_married,3,49,1,4,1,2,4,4,5,4,5,3,3,2,3,2,3
742,B,40,16,439,female,self_employed,married,4,56,1,2,2,1,5,5,5,5,5,3,2,1,1,1,5
743,B,36,16,770,male,regular,married,2,37,2,3,3,2,3,2,2,4,3,3,5,4,3,3,2
744,B,21,12,199,female,self_employed,never_married,4,46,1,1,1,1,5,5,5,5,5,1,1,1,1,1,5
745,B,56,12,395,male,self_employed,married,2,39,4,4,3,3,2,3,4,3,2,4,3,2,2,3,3
746,A,32,12,148,female,nonregular,married,2,27,5,3,3,3,2,2,3,1,2,4,4,3,3,4,3
747,B,41,12,772,male,self_employed,never_married,4,47,4,3,4,4,2,3,4,4,4,3,2,2,4,3,3
748,B,54,12,751,male,regular,married,2,40,4,3,4,4,3,3,3,2,3,4,3,3,3,1,5
749,A,44,14,456,male,regular,married,2,37,2,2,2,2,4,3,3,5,4,2,2,2,3,1,4
750,B,63,16,163,male,not_employed,never_married,1,0,1,2,1,2,2,3,5,5,3,4,4,3,3,3,3
751,B,43,16,454,male,regular,never_married,1,36,3,2,2,2,4,3,5,4,5,1,3,3,3,3,3
752,B,49,14,556,female,regular,married,4,40,5,5,4,4,4,3,4,2,2,3,1,2,2,1,4
753,B,25,12,312,male,regular,married,5,33,2,2,3,2,4,2,1,3,3,2,1,1,2,2,3
754,B,34,14,528,female,regular,married,3,37,3,3,3,2,4,4,5,5,5,1,1,2,2,1,5
755,B,62,12,172,male,not_employed,married,3,0,3,2,4,4,4,4,3,4,3,2,3,2,4,4,4
756,B,31,16,1079,female,regular,married,2,37,2,2,1,2,4,5,4,4,4,3,1,2,1,3,3
757,B,21,14,157,male,nonregular,married,3,27,4,3,4,3,3,2,3,3,2,3,3,2,2,2,4
758,A,37,12,164,male,nonregular,married,3,15,3,4,4,2,4,4,4,4,4,4,3,3,3,2,2
759,A,24,12,239,female,regular,never_married,2,41,4,3,3,3,2,2,5,2,3,4,2,2,3,3,4
760,B,60,16,195,male,nonregular,never_married,1,26,1,1,3,2,4,5,5,5,5,2,2,1,1,1,5
761,A,37,14,271,male,nonregular,married,2,23,3,4,4,2,3,3,3,2,2,3,2,3,2,1,5
762,A,38,12,310,male,nonregular,never_married,5,7,3,3,1,2,4,2,2,4,3,3,3,2,2,3,5
763,B,26,16,239,female,nonregular,never_married,1,9,4,2,3,2,3,4,3,3,4,2,1,1,4,1,5
764,A,60,12,601,female,regular,never_married,2,40,4,3,2,4,4,3,3,2,3,3,2,3,3,4,5
765,B,70,12,427,female,regular,married,3,40,4,4,3,4,2,3,4,3,3,5,3,2,3,3,3
766,B,76,12,128,female,not_employed,married,3,0,2,2,2,2,4,2,3,3,2,3,4,3,4,4,1
767,A,76,12,0,female,not_employed,married,5,0,5,5,5,5,1,2,3,3,2,4,4,3,5,5,1
768,A,26,14,274,male,regular,never_married,2,32,1,1,1,2,5,1,3,2,2,3,4,2,4,3,5
769,A,69,12,97,male,not_employed,married,2,0,1,3,1,3,3,4,4,4,4,2,4,3,2,3,4
770,B,36,12,334,male,regular,never_married,4,43,2,2,3,4,3,4,5,5,5,2,4,3,2,4,1
771,A,63,12,21,female,not_employed,married,4,0,4,5,5,5,2,3,3,3,3,1,3,3,5,4,3
772,A,38,12,304,male,not_employed,never_married,1,0,5,4,4,5,4,2,2,2,2,4,4,3,3,3,3
773,B,57,12,141,female,not_employed,divorced,1,0,4,3,3,4,3,3,5,5,5,2,3,3,3,3,3
774,A,75,9,57,male,nonregular,married,4,17,5,5,4,5,1,4,4,2,4,2,5,3,5,5,1
775,A,59,16,105,male,not_employed,married,3,0,5,5,5,5,1,1,1,3,2,5,3,3,4,4,3
776,B,26,12,491,female,regular,never_married,1,47,1,1,2,2,4,4,4,3,3,5,2,3,1,3,2
777,B,62,12,0,female,not_employed,never_married,1,0,4,2,3,4,3,2,4,2,1,5,2,2,5,4,1
778,A,34,12,212,male,nonregular,never_married,1,13,3,3,4,2,4,3,2,2,2,3,3,3,4,5,3
779,A,21,9,48,female,nonregular,never_married,5,14,3,3,1,1,4,3,1,3,2,3,1,1,2,2,3
780,B,23,16,171,female,nonregular,never_married,1,19,3,1,2,3,2,3,2,3,3,3,2,3,2,2,5
781,B,23,16,345,male,regular,never_married,3,39,3,1,2,2,4,2,3,3,3,3,5,4,4,4,2
782,B,55,9,602,female,self_employed,married,5,36,2,3,1,2,2,2,2,3,3,5,3,3,5,3,2
783,B,23,9,257,female,regular,never_married,3,44,3,4,2,5,1,2,3,2,3,4,1,3,2,2,2
784,A,76,12,105,female,not_employed,married,2,0,4,4,2,4,3,1,2,2,1,5,5,4,4,4,1
785,A,59,16,173,female,not_employed,never_married,1,0,3,3,3,3,2,3,4,4,3,3,4,5,5,4,3
786,A,65,12,0,male,not_employed,widowed,1,0,4,4,2,4,2,1,1,2,2,3,4,3,4,2,4
787,A,57,12,112,male,nonregular,divorced,5,33,5,5,5,3,2,3,3,4,2,2,3,3,1,3,2
788,B,61,12,595,female,not_employed,married,2,0,3,2,4,3,2,4,2,2,5,3,2,2,2,3,3
789,B,24,9,584,male,regular,never_married,1,34,3,3,1,3,4,5,5,5,5,1,2,1,3,2,3
790,A,22,16,275,female,regular,married,4,52,3,2,2,2,4,2,3,4,3,2,4,3,5,3,4
791,B,52,14,156,female,not_employed,married,3,0,5,2,4,3,3,4,2,4,3,1,4,2,3,2,2
792,B,61,14,341,female,regular,married,4,38,2,3,3,3,2,4,4,2,3,4,4,3,3,4,4
793,A,21,12,417,male,regular,married,4,41,4,3,3,3,3,2,3,2,3,2,2,3,3,1,4
794,A,34,16,237,male,not_employed,married,5,0,3,4,3,3,3,5,5,5,4,3,2,3,2,3,2
795,A,67,16,731,male,regular,married,4,49,3,1,3,2,3,2,2,2,3,3,3,3,2,3,3
796,A,71,14,416,male,self_employed,widowed,3,43,3,5,3,3,2,5,4,4,3,2,4,1,3,3,2
797,B,31,14,307,male,self_employed,divorced,2,46,2,4,2,4,3,3,3,4,2,2,3,2,1,1,4
798,A,33,12,164,male,self_employed,married,2,22,3,2,3,2,3,3,3,3,3,3,4,2,2,4,3
799,B,32,14,773,female,regular,married,2,40,3,4,3,4,4,2,1,2,1,4,4,4,3,3,2
800,A,42,16,330,male,regular,divorced,4,38,3,3,2,3,3,3,4,2,2,1,3,1,2,4,3
801,B,74,16,0,male,not_employed,widowed,1,0,3,3,2,3,3,5,5,5,5,2,1,3,2,2,3
802,A,78,14,381,female,regular,married,2,31,3,3,5,4,2,4,3,3,2,2,5,5,5,5,1
803,A,53,14,181,male,nonregular,married,2,20,2,1,2,2,2,4,2,3,3,3,3,1,2,1,5
804,B,34,16,126,male,nonregular,married,2,23,2,2,1,2,5,3,3,3,3,3,2,1,3,2,3
805,A,30,12,507,male,self_employed,married,4,30,5,1,2,4,4,3,3,2,3,2,3,1,2,2,4
806,B,73,12,319,female,self_employed,widowed,3,60,4,4,3,4,3,1,1,2,3,3,5,5,5,5,3
807,B,74,16,156,female,self_employed,widowed,1,53,3,3,3,2,2,4,4,4,4,4,3,4,3,3,3
808,A,22,14,195,male,nonregular,never_married,4,18,2,2,3,2,5,5,5,5,5,1,2,2,3,2,1
809,A,70,12,99,male,not_employed,widowed,1,0,3,3,2,3,4,2,2,2,2,4,5,3,5,4,1
810,B,72,12,113,female,nonregular,married,2,28,3,5,3,5,1,4,2,4,3,1,5,5,4,5,2
811,A,50,16,105,male,not_employed,married,4,0,1,3,1,2,3,4,4,3,4,1,2,3,3,4,2
812,A,23,12,182,male,nonregular,never_married,1,14,3,2,1,1,4,2,3,3,2,3,3,3,3,3,2
813,B,45,12,321,female,regular,never_married,1,45,4,3,3,1,2,5,4,4,4,4,1,1,1,1,4
814,B,70,9,0,female,not_employed,married,2,0,3,2,3,3,4,2,3,3,3,4,2,4,4,3,1
815,B,37,16,757,female,regular,never_married,1,39,3,3,4,3,2,3,2,1,2,3,2,1,1,2,5
816,A,40,12,290,female,not_employed,married,6,0,1,1,2,1,3,4,4,4,3,2,2,3,4,3,2
817,A,50,16,525,male,regular,married,4,47,3,4,3,3,3,5,3,3,3,2,3,3,2,2,4
818,A,78,16,455,male,not_employed,widowed,1,0,2,2,3,3,2,4,3,3,4,1,3,3,4,4,3
819,A,25,12,375,female,regular,never_married,1,51,2,3,2,3,2,3,3,3,3,3,2,2,1,2,5
820,A,30,16,342,male,regular,married,4,41,4,3,3,3,3,3,2,5,3,1,4,4,5,5,1
821,A,53,16,248,female,self_employed,married,2,29,5,5,2,4,1,2,1,1,1,5,5,5,5,4,3
822,A,36,12,448,female,regular,married,3,49,2,2,1,2,5,2,4,1,2,3,3,3,5,3,3
823,B,47,16,244,female,self_employed,married,6,28,4,3,3,4,3,3,3,2,3,3,4,3,4,5,2
824,B,67,12,123,male,not_employed,married,5,0,4,4,4,5,2,4,2,1,3,2,5,5,4,3,2
825,A,66,16,389,female,regular,widowed,3,40,2,2,2,2,5,3,4,3,4,2,4,4,2,3,3
826,B,46,16,438,female,self_employed,married,3,45,3,1,4,2,3,2,3,3,3,3,4,3,3,2,2
827,A,24,12,61,female,not_employed,married,6,0,1,1,1,2,5,1,2,1,2,5,3,3,4,3,4
828,A,62,16,356,female,self_employed,married,6,28,5,3,4,5,1,3,2,4,2,3,4,4,3,4,2
829,A,72,12,0,female,not_employed,married,4,0,5,5,3,4,2,2,2,2,3,5,3,3,2,2,5
830,B,27,14,492,other,regular,never_married,1,39,1,2,1,2,3,2,5,4,2,3,3,3,2,3,4
831,A,49,12,276,male,self_employed,married,4,24,4,3,2,2,3,2,3,4,3,1,4,2,1,1,3
832,B,66,9,301,male,self_employed,married,2,25,5,4,4,4,1,2,3,2,2,1,3,2,4,4,1
833,A,44,16,585,male,regular,married,4,49,4,5,4,5,1,3,4,3,3,3,3,1,2,4,2
834,A,63,9,283,female,not_employed,married,4,0,5,5,4,4,3,1,3,2,2,5,4,5,5,4,1
835,A,52,12,687,female,self_employed,married,3,43,4,5,4,3,4,3,3,3,1,4,5,4,3,4,2
836,A,78,12,487,female,self_employed,married,2,50,4,4,4,5,1,2,4,3,2,4,5,4,2,4,3
837,A,51,12,247,male,not_employed,married,5,0,2,5,3,4,1,4,2,1,3,3,5,4,4,5,1
838,B,32,14,598,male,regular,married,2,42,1,2,3,1,3,4,5,4,4,3,2,3,3,1,4
839,B,79,12,142,female,not_employed,married,4,0,4,5,4,4,2,4,4,4,5,2,2,4,3,4,2
840,B,21,12,182,male,self_employed,never_married,1,44,2,2,2,3,2,3,2,5,4,2,2,1,1,2,3
841,B,29,16,625,female,regular,never_married,1,47,2,2,3,1,5,4,5,5,5,1,2,1,1,3,3
842,A,29,12,195,male,nonregular,never_married,1,13,3,2,1,2,3,3,4,4,4,2,2,4,2,3,3
843,B,30,16,542,female,regular,never_married,2,44,2,3,3,3,3,3,3,3,3,3,3,2,4,3,3
844,A,69,18,274,male,regular,divorced,2,39,4,4,4,4,2,4,4,2,5,2,4,4,5,4,1
845,B,25,12,302,female,regular,never_married,1,41,2,2,2,2,4,4,3,4,3,1,1,3,1,1,5
846,A,27,12,515,female,regular,never_married,3,37,3,2,2,3,2,3,2,5,3,4,3,3,1,3,3
847,A,37,14,0,male,not_employed,married,3,0,4,3,5,5,2,3,1,2,2,3,3,5,4,3,2
848,B,64,18,603,female,regular,married,4,42,2,3,1,3,3,3,3,3,3,5,4,3,3,4,3
849,A,65,9,84,female,not_employed,married,2,0,1,2,2,2,4,3,3,4,3,2,3,3,4,4,4
850,A,43,12,178,male,nonregular,married,2,23,3,1,2,3,5,2,2,2,2,2,4,4,4,4,3
851,A,31,16,637,male,regular,married,2,34,4,3,2,3,3,3,2,4,3,2,3,2,1,3,5
852,B,48,9,0,female,not_employed,married,2,0,2,1,2,2,3,5,5,4,5,2,4,2,4,3,4
853,B,42,16,159,female,nonregular,married,3,26,4,2,3,3,5,2,5,4,3,3,4,4,4,4,3
854,B,59,14,341,male,nonregular,married,3,20,3,3,4,2,4,4,4,3,4,5,3,1,3,4,2
855,A,58,12,0,female,not_employed,married,4,0,3,2,2,2,2,4,4,5,4,3,5,5,4,5,4
856,A,32,9,203,male,nonregular,never_married,1,17,1,1,1,2,4,3,3,2,4,1,3,5,4,3,2
857,B,35,14,195,male,nonregular,married,4,21,4,2,3,3,4,5,5,5,4,2,1,1,1,1,4
858,B,27,12,113,female,self_employed,married,2,40,1,4,2,3,5,1,2,2,2,2,3,4,2,4,3
859,B,24,14,645,female,regular,married,6,35,2,3,3,4,3,3,3,2,2,3,2,2,4,2,4
860,A,67,16,180,female,not_employed,married,3,0,4,4,5,5,2,2,2,4,4,4,2,3,3,3,2
861,B,41,18,1082,male,regular,never_married,1,39,3,2,2,2,3,3,3,4,5,3,2,3,3,2,3
862,A,46,18,900,male,regular,married,2,38,5,4,3,2,3,3,2,4,2,5,5,4,4,4,3
863,B,75,12,146,female,not_employed,married,2,0,4,5,5,4,2,1,1,3,2,5,5,5,5,5,1
864,B,37,14,519,female,not_employed,married,2,0,3,3,3,2,3,1,4,2,3,2,3,1,1,2,4
865,A,51,12,308,male,self_employed,married,2,43,3,5,5,5,1,2,3,2,3,4,5,5,5,5,2
866,A,65,18,85,female,not_employed,married,3,0,1,2,1,2,3,4,4,4,5,2,4,4,3,3,2
867,B,64,14,133,male,nonregular,married,2,16,5,5,5,5,2,5,3,4,4,3,2,3,3,2,4
868,B,67,12,93,male,not_employed,married,3,0,5,5,5,5,1,1,1,1,1,3,4,5,4,4,1
869,B,58,16,364,male,self_employed,widowed,3,48,3,4,3,2,4,3,2,2,2,4,5,3,5,4,2
870,B,66,12,168,female,not_employed,widowed,6,0,4,3,2,2,3,2,3,3,3,2,2,2,2,3,2
871,B,61,14,655,female,self_employed,never_married,3,36,2,2,3,3,2,2,2,4,2,4,1,1,2,3,3
872,B,64,16,146,male,not_employed,widowed,1,0,2,2,3,2,3,3,1,2,3,2,3,3,2,3,4
873,A,77,12,128,male,not_employed,divorced,2,0,4,5,5,4,3,4,3,2,4,4,4,3,3,5,2
874,A,38,9,288,female,not_employed,married,3,0,4,1,3,2,2,2,2,2,3,3,3,2,2,3,5
875,B,66,14,189,female,not_employed,divorced,1,0,3,3,4,4,4,2,4,3,3,2,3,4,2,2,3
876,A,59,9,153,male,nonregular,widowed,1,16,5,4,5,5,1,2,3,1,3,2,2,2,4,2,5
877,B,46,12,393,male,regular,married,4,42,4,3,3,5,4,5,4,4,5,4,2,3,3,2,2
878,A,69,12,0,male,not_employed,married,4,0,3,1,4,2,2,3,3,3,4,2,3,3,2,4,4
879,B,40,16,723,male,regular,married,3,39,3,3,3,2,2,5,3,4,4,3,3,2,3,2,3
880,A,70,9,0,female,not_employed,widowed,1,0,2,2,2,2,4,4,3,3,3,4,2,2,3,2,4
881,B,76,12,54,female,not_employed,married,2,0,4,4,4,4,2,2,1,1,2,5,5,5,5,5,2
882,A,47,18,404,female,self_employed,married,2,39,2,2,1,2,3,2,3,4,2,4,1,1,1,2,5
883,A,40,16,945,male,regular,married,2,33,3,1,4,2,2,3,4,3,4,2,3,3,4,5,4
884,B,56,12,285,male,not_employed,married,3,0,4,3,3,3,4,2,3,3,3,3,2,3,2,2,2
885,B,58,9,108,male,not_employed,married,2,0,3,3,1,3,4,5,4,5,5,2,2,3,2,3,3
886,A,42,16,458,female,regular,married,5,38,4,2,5,3,2,3,3,3,3,4,4,2,4,2,2
887,B,63,14,0,male,not_employed,widowed,1,0,3,2,4,4,1,2,2,2,3,5,4,4,4,4,2
888,A,20,12,417,male,regular,never_married,1,39,3,4,3,2,4,1,1,2,2,5,1,1,3,3,4
889,B,62,12,2393,male,self_employed,married,2,45,1,4,3,3,4,3,4,5,4,1,3,4,2,2,3
890,A,47,14,105,male,nonregular,widowed,1,33,4,3,3,3,4,2,2,2,3,3,4,4,3,4,2
891,B,50,16,516,male,regular,married,2,39,3,4,3,3,2,3,5,4,4,2,2,3,2,3,2
892,A,69,12,222,male,not_employed,married,2,0,2,4,3,4,4,2,3,1,3,5,5,4,4,3,2
893,B,48,16,105,male,nonregular,married,2,15,2,1,4,2,5,4,2,5,4,3,1,2,1,1,5
894,B,74,12,0,male,not_employed,married,3,0,1,1,1,2,5,3,5,3,3,4,2,3,2,3,3
895,A,42,12,964,male,self_employed,never_married,3,28,2,3,1,3,3,4,5,3,4,2,5,4,5,4,3
896,B,54,12,329,female,regular,married,2,40,3,1,4,2,4,4,3,3,4,3,3,3,3,3,4
897,A,21,12,369,female,regular,never_married,1,40,1,3,2,1,3,5,3,5,3,2,2,3,2,2,4
898,A,32,12,414,female,regular,married,2,39,1,2,3,1,3,3,3,3,1,2,3,3,4,2,4
899,B,38,16,372,male,regular,married,3,35,1,3,3,2,5,5,5,5,5,2,4,3,5,3,3
900,A,64,12,0,male,not_employed,married,2,0,3,3,2,2,5,5,5,5,5,2,2,3,4,1,3
901,B,48,16,295,other,nonregular,married,4,20,3,4,4,3,2,2,2,3,2,5,4,5,5,5,1
902,B,70,12,663,male,self_employed,widowed,4,33,2,4,3,3,3,2,1,3,3,3,4,5,5,5,2
903,B,33,12,920,female,self_employed,never_married,5,45,1,3,3,2,3,2,1,2,2,3,5,3,5,2,3
904,A,36,16,426,male,regular,never_married,1,39,4,2,2,4,3,3,4,2,3,4,3,3,3,4,3
905,B,64,12,316,female,not_employed,never_married,2,0,2,1,2,2,4,3,4,3,3,4,5,4,5,3,1
906,B,76,16,245,female,not_employed,widowed,1,0,2,1,4,3,2,3,4,3,4,2,1,2,2,2,4
907,B,76,14,56,female,not_employed,married,3,0,4,5,4,4,3,1,1,1,1,5,5,4,5,5,1
908,B,59,14,516,female,self_employed,married,4,40,3,3,4,4,4,4,3,2,3,2,2,4,4,3,3
909,A,39,12,297,male,regular,divorced,1,45,3,2,4,4,2,3,5,5,3,2,3,4,3,4,3
910,A,29,16,693,male,regular,married,2,40,2,2,1,1,4,5,4,4,5,2,1,1,1,2,4
911,A,73,12,70,male,not_employed,widowed,1,0,4,3,2,4,1,2,3,2,3,3,4,4,4,5,4
912,A,47,12,452,female,regular,divorced,1,31,2,1,2,2,4,3,2,1,2,3,3,4,3,3,2
913,B,24,12,266,female,nonregular,never_married,1,13,2,1,1,3,4,5,3,5,5,1,3,1,2,3,5
914,B,71,9,426,male,self_employed,married,4,33,3,5,5,5,1,1,1,2,1,5,4,4,3,4,2
915,A,44,14,1005,male,regular,never_married,6,45,3,2,2,3,5,4,4,3,5,3,1,2,2,2,3
916,A,34,12,483,female,regular,never_married,1,42,2,4,3,2,4,3,3,3,3,2,3,3,4,5,2
917,B,37,14,139,female,not_employed,married,2,0,3,3,2,2,4,3,4,3,4,3,2,1,1,2,4
918,A,46,14,110,female,nonregular,married,3,12,2,3,3,3,3,5,5,3,2,3,2,2,1,1,4
919,A,74,16,294,female,regular,married,3,43,4,1,5,4,3,2,1,1,2,5,3,3,4,3,3
920,B,26,12,410,other,regular,never_married,1,36,2,2,2,3,4,5,4,5,5,2,2,1,3,1,4
921,B,33,12,0,male,not_employed,married,4,0,2,1,1,2,4,4,5,4,4,3,4,1,2,2,5
922,B,66,12,188,female,self_employed,married,2,41,5,5,5,5,4,1,2,1,2,4,2,2,4,3,4
923,B,76,16,51,female,not_employed,widowed,3,0,2,3,2,3,2,4,3,5,4,3,4,3,2,4,4
924,A,69,12,414,male,not_employed,married,4,0,2,3,2,2,2,2,3,4,1,5,2,4,3,3,4
925,B,49,9,169,female,not_employed,married,5,0,3,3,4,3,3,4,3,3,4,3,2,2,2,4,2
926,B,70,14,118,female,not_employed,married,2,0,4,3,5,4,4,2,2,2,3,4,4,3,4,4,1
927,A,66,12,145,female,not_employed,divorced,1,0,3,4,4,3,2,1,1,1,1,3,4,5,5,5,1
928,B,45,12,405,male,regular,married,6,38,2,2,3,2,3,3,5,5,4,1,2,3,2,3,3
929,B,34,16,601,female,self_employed,never_married,1,38,2,1,1,2,4,2,5,4,3,2,1,2,2,2,4
930,A,23,12,528,female,regular,never_married,2,37,2,3,2,3,2,3,1,5,3,5,3,4,3,3,3
931,B,29,16,89,female,not_employed,never_married,1,0,1,2,3,3,3,3,1,2,2,5,4,2,3,3,5
932,B,32,16,497,male,regular,married,3,36,1,1,1,1,4,4,3,4,3,4,1,1,2,1,4
933,A,39,9,85,female,not_employed,married,2,0,3,3,4,3,3,2,4,4,3,1,4,4,5,3,2
934,B,28,12,399,female,regular,never_married,2,35,1,2,1,1,5,4,3,3,4,3,1,1,1,1,3
935,A,21,12,183,female,nonregular,never_married,2,13,3,1,1,1,5,3,4,4,4,1,2,2,1,2,4
936,A,78,12,0,male,not_employed,married,4,0,5,5,5,4,1,2,2,2,2,2,4,4,5,5,1
937,A,24,12,213,female,regular,never_married,1,39,3,2,3,2,2,3,2,2,2,4,2,3,2,4,2
938,A,62,14,465,male,regular,married,3,40,2,3,1,2,4,4,4,4,5,1,1,1,1,1,5
939,A,74,16,235,male,self_employed,married,3,40,4,4,5,5,1,2,2,3,2,3,3,3,4,3,3
940,A,33,18,943,female,regular,married,4,46,4,5,5,4,2,3,4,3,3,1,5,3,4,4,3
941,A,71,16,470,female,regular,married,3,45,5,5,3,4,2,2,4,3,2,4,3,4,3,4,4
942,A,79,14,166,female,regular,married,3,41,4,5,5,4,4,2,2,1,1,5,5,4,4,5,1
943,B,23,12,149,female,nonregular,never_married,3,19,3,3,4,4,3,4,5,2,5,4,1,2,1,2,4
944,B,53,12,611,other,not_employed,never_married,1,0,3,5,3,5,3,2,3,2,3,2,2,3,4,3,4
945,A,21,12,268,female,regular,never_married,1,40,1,3,3,1,4,3,1,4,4,3,2,1,2,1,4
946,A,69,12,750,female,self_employed,married,3,34,3,3,4,4,2,1,1,2,3,4,5,3,4,5,1
947,A,44,14,85,male,nonregular,never_married,3,22,3,2,2,1,3,3,3,5,4,2,2,1,3,2,4
948,B,73,16,142,female,self_employed,widowed,1,34,4,3,5,5,1,2,1,1,1,5,5,5,5,5,1
949,A,57,12,136,male,not_employed,married,5,0,3,3,3,3,2,3,3,4,4,2,3,3,3,3,4
950,A,24,12,332,male,regular,never_married,1,40,3,4,3,2,4,5,5,5,4,3,4,2,4,1,4
951,B,34,9,171,male,nonregular,married,2,20,5,5,5,4,1,2,3,2,2,2,4,3,2,2,2
952,A,52,9,51,male,not_employed,married,4,0,4,3,3,3,3,5,4,5,5,2,4,3,2,4,3
953,B,46,16,221,female,nonregular,married,4,25,5,4,3,4,3,2,2,2,3,3,5,3,4,4,2
954,A,65,12,345,female,regular,married,2,38,4,3,3,3,3,2,3,1,2,3,3,5,3,5,3
955,B,46,12,480,male,regular,married,2,36,3,3,3,3,3,3,3,3,4,1,4,3,4,2,3
956,B,57,9,77,male,not_employed,married,4,0,3,2,4,3,2,2,3,2,4,5,2,2,2,3,3
957,B,33,14,275,male,regular,divorced,1,35,3,3,4,3,3,2,2,3,2,4,3,3,1,3,3
958,A,63,14,541,male,self_employed,married,5,23,4,3,4,2,1,4,4,4,3,1,3,4,3,3,3
959,B,52,12,443,female,self_employed,married,4,43,2,2,3,2,1,5,5,2,5,2,5,5,4,4,2
960,A,32,12,87,male,not_employed,married,3,0,2,1,1,1,5,5,4,4,4,3,3,3,2,3,4
961,A,51,14,43,female,not_employed,married,2,0,4,3,4,3,3,3,2,1,3,5,4,4,3,3,4
962,B,46,12,391,male,self_employed,married,3,25,5,2,5,4,3,1,2,3,2,2,4,4,3,3,3
963,A,62,12,104,female,not_employed,married,2,0,4,4,3,4,3,4,4,3,4,3,1,3,1,4,3
964,A,45,16,268,female,self_employed,married,4,35,2,3,1,3,2,3,4,2,1,3,3,3,2,1,4
965,A,79,12,0,male,not_employed,married,3,0,3,4,4,4,5,3,4,2,4,4,2,3,3,3,3
966,A,70,9,0,female,not_employed,married,4,0,5,5,4,4,1,3,3,3,3,4,3,3,4,3,2
967,A,59,16,664,female,regular,married,2,32,5,5,5,5,1,3,2,2,1,4,5,4,5,5,1
968,B,78,18,630,male,self_employed,married,4,33,5,5,5,5,1,2,2,2,2,3,5,5,5,5,1
969,B,41,14,669,female,regular,married,4,48,3,4,4,3,4,3,5,5,3,2,2,2,3,2,2
970,A,53,16,116,male,not_employed,divorced,2,0,3,3,3,3,3,4,3,3,4,2,2,2,3,3,2
971,B,47,12,514,male,regular,never_married,1,37,4,3,4,5,2,2,2,2,3,3,2,2,4,3,4
972,B,78,16,0,female,not_employed,widowed,1,0,4,4,4,4,3,2,2,1,2,2,4,4,3,4,2
973,A,56,12,68,male,not_employed,married,3,0,3,2,3,3,4,3,3,3,3,4,5,3,3,5,3
974,B,42,16,0,female,not_employed,married,2,0,4,3,4,3,3,5,5,3,4,4,2,3,2,2,2
975,B,64,18,350,female,not_employed,divorced,1,0,2,4,2,3,2,2,2,2,1,5,5,3,5,4,1
976,B,62,12,229,male,self_employed,divorced,1,34,4,3,4,5,3,3,3,3,3,3,4,3,5,3,2
977,B,65,12,180,male,nonregular,widowed,1,16,5,4,4,3,1,3,3,4,3,2,5,5,4,5,1
978,B,68,14,321,male,regular,married,5,35,3,3,1,3,3,4,5,2,4,4,2,4,2,2,3
979,A,69,12,68,female,not_employed,never_married,2,0,5,4,4,5,2,3,2,2,3,3,4,1,2,4,3
980,B,59,16,127,male,not_employed,married,3,0,3,3,3,3,4,3,2,4,2,4,5,4,4,5,2
981,B,71,12,183,female,not_employed,married,3,0,3,4,4,3,3,5,4,4,5,2,3,2,4,3,2
982,B,71,14,301,female,nonregular,widowed,1,13,4,3,3,5,4,3,4,4,3,2,5,5,5,4,3
983,A,67,16,0,male,not_employed,married,2,0,3,1,2,2,3,5,4,5,5,1,3,3,3,2,3
984,A,51,16,542,male,regular,never_married,1,34,4,4,5,4,2,2,1,1,2,5,4,3,3,3,3
985,A,46,16,402,male,regular,divorced,1,40,2,2,4,3,2,3,2,4,1,3,3,3,2,3,3
986,A,33,14,246,male,nonregular,married,4,16,3,2,4,3,2,2,2,3,3,3,1,1,2,3,3
987,A,61,12,401,male,nonregular,married,4,17,2,4,3,4,3,5,3,4,4,4,3,4,3,4,4
988,A,35,9,125,female,not_employed,never_married,1,0,4,4,5,5,2,4,3,2,4,3,4,5,4,3,2
989,B,60,12,0,male,not_employed,married,3,0,3,3,4,3,3,4,3,4,4,2,3,3,4,1,3
990,A,26,18,811,male,regular,never_married,1,39,2,1,2,1,4,5,3,5,5,1,1,1,2,1,5
991,B,65,14,635,female,regular,widowed,1,44,4,3,4,3,2,3,2,2,2,4,3,2,3,4,4
992,A,42,18,493,male,regular,married,3,41,3,3,3,3,4,3,5,3,3,1,2,3,5,2,3
993,A,51,12,225,male,nonregular,married,2,27,2,3,4,4,3,4,5,5,4,3,3,4,2,4,1
994,B,73,12,408,male,regular,divorced,2,40,3,2,2,2,4,3,3,2,4,3,3,5,2,4,3
995,B,67,9,159,male,self_employed,widowed,1,51,1,3,1,2,4,3,4,3,4,3,4,3,4,4,4
996,B,54,16,640,female,self_employed,married,4,43,2,4,3,2,5,1,3,1,2,4,3,2,4,4,4
997,A,32,14,288,male,not_employed,married,2,0,4,2,4,4,3,1,1,1,1,4,1,1,1,1,5
998,B,62,14,0,female,not_employed,divorced,1,0,5,5,5,5,1,2,2,3,3,1,5,5,4,5,2
999,B,22,9,213,female,regular,never_married,2,36,2,2,1,3,5,2,3,2,1,3,3,4,2,3,2
1000,B,56,14,472,male,regular,married,2,35,2,2,1,2,4,4,4,3,4,3,2,1,1,1,4
